,GAME_ID,TEAM_ID,TEAM_ABBREVIATION,TEAM_CITY,PLAYER_ID,PLAYER_NAME,START_POSITION,COMMENT,MIN,E_OFF_RATING,OFF_RATING,E_DEF_RATING,DEF_RATING,E_NET_RATING,NET_RATING,AST_PCT,AST_TOV,AST_RATIO,OREB_PCT,DREB_PCT,REB_PCT,TM_TOV_PCT,EFG_PCT,TS_PCT,USG_PCT,E_USG_PCT,E_PACE,PACE,PACE_PER40,POSS,PIE
0,0021900002,1610612747,LAL,Los Angeles,203076,Anthony Davis,F,,37:21,103.3,106.4,105.7,102.6,-2.4,3.8,0.227,1.67,14.3,0.081,0.154,0.118,8.6,0.381,0.46,0.345,0.347,100.26,100.23,83.53,78,0.126
1,0021900002,1610612747,LAL,Los Angeles,2544,LeBron James,F,,36:00,95.5,94.7,110.6,105.3,-15.0,-10.5,0.444,1.6,23.5,0.026,0.273,0.139,14.7,0.395,0.434,0.302,0.316,98.48,101.33,84.44,76,0.135
2,0021900002,1610612747,LAL,Los Angeles,201580,JaVale McGee,C,,17:21,93.1,97.1,96.6,91.9,-3.5,5.3,0.0,0.0,0.0,0.059,0.067,0.063,25.0,0.667,0.667,0.103,0.104,99.23,99.62,83.01,35,0.079
3,0021900002,1610612747,LAL,Los Angeles,201980,Danny Green,G,,32:19,107.8,110.3,104.7,101.5,3.0,8.8,0.0,0.0,0.0,0.031,0.194,0.111,0.0,0.964,0.97,0.182,0.188,99.89,100.24,83.54,68,0.267
4,0021900002,1610612747,LAL,Los Angeles,202340,Avery Bradley,G,,24:02,91.1,93.9,99.4,94.0,-8.4,-0.1,0.0,0.0,0.0,0.0,0.136,0.067,22.2,0.571,0.571,0.17,0.171,97.66,98.86,82.39,49,0.028
5,0021900002,1610612747,LAL,Los Angeles,203484,Kentavious Caldwell-Pope,,,27:24,114.3,111.9,134.7,125.4,-20.4,-13.6,0.125,3.0,42.9,0.0,0.125,0.057,14.3,0.0,0.0,0.058,0.062,98.68,103.38,86.15,59,-0.025
6,0021900002,1610612747,LAL,Los Angeles,2730,Dwight Howard,,,19:02,122.2,127.8,139.7,127.0,-17.5,0.8,0.059,0.0,25.0,0.143,0.2,0.167,0.0,0.333,0.436,0.068,0.069,89.88,92.05,76.71,36,0.038
7,0021900002,1610612747,LAL,Los Angeles,203584,Troy Daniels,,,16:14,88.1,84.4,134.4,129.0,-46.3,-44.7,0.125,1.0,12.5,0.0,0.0,0.0,12.5,0.417,0.466,0.206,0.221,89.3,93.14,77.62,32,0.018
8,0021900002,1610612747,LAL,Los Angeles,1626188,Quinn Cook,,,16:56,108.2,111.1,145.3,140.0,-37.1,-28.9,0.167,2.0,20.0,0.0,0.071,0.029,10.0,0.286,0.286,0.182,0.191,100.18,100.63,83.86,36,0.013
9,0021900002,1610612747,LAL,Los Angeles,201162,Jared Dudley,,,13:21,81.1,84.0,161.9,164.0,-80.8,-80.0,0.0,0.0,0.0,0.0,0.0,0.0,0.0,1.5,1.5,0.065,0.067,92.04,89.89,74.91,25,0.067
10,0021900002,1610612747,LAL,Los Angeles,1628961,Kostas Antetokounmpo,,DNP - Coach's Decision                  ,,,0.0,,0.0,,0.0,,,,0.0,0.0,0.0,,,,0.0,0.0,,,,0,
11,0021900002,1610612747,LAL,Los Angeles,1627936,Alex Caruso,,DNP - Coach's Decision                  ,,,0.0,,0.0,,0.0,,,,0.0,0.0,0.0,,,,0.0,0.0,,,,0,
12,0021900002,1610612747,LAL,Los Angeles,1629668,Zach Norvell Jr.,,DNP - Coach's Decision                  ,,,0.0,,0.0,,0.0,,,,0.0,0.0,0.0,,,,0.0,0.0,,,,0,
13,0021900002,1610612746,LAC,LA,202695,Kawhi Leonard,F,,31:33,119.8,113.6,113.2,107.7,6.6,5.9,0.278,0.83,14.7,0.042,0.161,0.109,17.6,0.553,0.641,0.408,0.429,94.66,99.65,83.04,66,0.168
14,0021900002,1610612746,LAC,LA,202335,Patrick Patterson,F,,17:29,108.7,105.6,109.9,114.3,-1.2,-8.7,0.0,0.0,0.0,0.067,0.111,0.091,0.0,0.5,0.515,0.103,0.105,97.96,97.46,81.22,36,0.025
15,0021900002,1610612746,LAC,LA,1627826,Ivica Zubac,C,,9:38,97.7,100.0,129.6,120.0,-31.9,-20.0,0.0,0.0,0.0,0.143,0.0,0.063,0.0,1.0,1.0,0.2,0.196,94.51,97.1,80.91,19,0.173
16,0021900002,1610612746,LAC,LA,1629013,Landry Shamet,G,,26:27,109.8,103.5,105.8,107.1,4.0,-3.6,0.095,0.0,20.0,0.0,0.115,0.063,0.0,0.5,0.5,0.133,0.141,100.23,102.55,85.46,57,0.073
17,0021900002,1610612746,LAC,LA,201976,Patrick Beverley,G,,31:21,125.5,120.0,98.6,100.0,26.9,20.0,0.207,3.0,40.0,0.074,0.276,0.179,13.3,0.143,0.143,0.122,0.126,98.04,99.51,82.93,65,0.048
18,0021900002,1610612746,LAC,LA,1626149,Montrezl Harrell,,,38:22,123.8,119.2,95.4,98.7,28.4,20.5,0.148,1.33,19.0,0.056,0.122,0.091,14.3,0.636,0.585,0.193,0.2,98.13,98.23,81.86,78,0.099
19,0021900002,1610612746,LAC,LA,101150,Lou Williams,,,36:43,123.8,121.6,99.2,102.7,24.6,19.0,0.28,3.5,28.0,0.029,0.098,0.066,8.0,0.607,0.666,0.214,0.218,98.22,97.38,81.15,74,0.195
20,0021900002,1610612746,LAC,LA,203210,JaMychal Green,,,19:17,109.3,100.0,90.8,87.8,18.5,12.2,0.0,0.0,0.0,0.05,0.217,0.14,11.1,0.75,0.75,0.196,0.212,96.06,102.08,85.07,41,0.147
21,0021900002,1610612746,LAC,LA,203090,Maurice Harkless,,,29:10,122.7,117.5,95.5,101.7,27.2,15.8,0.0,0.0,0.0,0.069,0.063,0.066,0.0,0.714,0.714,0.106,0.11,96.64,95.45,79.54,57,0.102
22,0021900002,1610612746,LAC,LA,1629662,Mfiondu Kabengele,,DNP - Coach's Decision                  ,,,0.0,,0.0,,0.0,,,,0.0,0.0,0.0,,,,0.0,0.0,,,,0,
23,0021900002,1610612746,LAC,LA,1629611,Terance Mann,,DNP - Coach's Decision                  ,,,0.0,,0.0,,0.0,,,,0.0,0.0,0.0,,,,0.0,0.0,,,,0,
24,0021900002,1610612746,LAC,LA,1628405,Johnathan Motley,,DNP - Coach's Decision                  ,,,0.0,,0.0,,0.0,,,,0.0,0.0,0.0,,,,0.0,0.0,,,,0,
25,0021900002,1610612746,LAC,LA,1629010,Jerome Robinson,,DNP - Coach's Decision                  ,,,0.0,,0.0,,0.0,,,,0.0,0.0,0.0,,,,0.0,0.0,,,,0,
0,0021900001,1610612740,NOP,New Orleans,201950,Jrue Holiday,F,,41:05,106.5,107.8,117.7,122.0,-11.1,-14.2,0.207,1.2,23.1,0.05,0.043,0.047,19.2,0.433,0.409,0.208,0.206,108.28,105.74,88.11,90,0.029
1,0021900001,1610612740,NOP,New Orleans,1627742,Brandon Ingram,F,,35:06,101.5,102.6,120.2,122.5,-18.7,-19.9,0.227,2.5,18.5,0.0,0.125,0.068,7.4,0.474,0.53,0.272,0.269,108.99,107.35,89.46,77,0.112
2,0021900001,1610612740,NOP,New Orleans,202324,Derrick Favors,C,,20:45,106.8,108.2,129.6,132.7,-22.8,-24.5,0.118,2.0,22.2,0.048,0.261,0.159,11.1,0.5,0.5,0.137,0.136,115.39,113.31,94.43,49,0.056
3,0021900001,1610612740,NOP,New Orleans,200755,JJ Redick,G,,27:02,99.0,100.0,122.1,122.2,-23.2,-22.2,0.056,0.33,7.7,0.0,0.067,0.034,23.1,0.889,0.889,0.179,0.177,112.46,111.86,93.21,63,0.08
4,0021900001,1610612740,NOP,New Orleans,1628366,Lonzo Ball,G,,24:50,111.0,112.3,118.3,122.4,-7.2,-10.1,0.227,5.0,35.7,0.0,0.172,0.096,7.1,0.429,0.508,0.153,0.151,113.73,111.14,92.62,57,0.08
5,0021900001,1610612740,NOP,New Orleans,1628404,Josh Hart,,,28:10,103.3,105.5,97.2,101.7,6.0,3.7,0.067,1.0,7.7,0.111,0.167,0.139,7.7,0.611,0.697,0.174,0.171,99.56,96.28,80.24,55,0.213
6,0021900001,1610612740,NOP,New Orleans,1626143,Jahlil Okafor,,,12:29,87.7,91.7,108.5,111.5,-20.8,-19.9,0.0,0.0,0.0,0.095,0.0,0.057,20.0,1.0,0.926,0.152,0.147,99.59,96.13,80.11,24,0.167
7,0021900001,1610612740,NOP,New Orleans,202734,E'Twaun Moore,,,12:06,92.3,91.3,85.1,88.0,7.1,3.3,0.4,0.0,22.2,0.053,0.111,0.081,0.0,0.357,0.357,0.212,0.214,96.4,95.21,79.34,23,0.231
8,0021900001,1610612740,NOP,New Orleans,1629638,Nickeil Alexander-Walker,,,11:55,109.8,108.7,72.0,76.0,37.9,32.7,0.286,2.0,15.4,0.053,0.158,0.105,7.7,0.15,0.15,0.333,0.336,99.01,96.67,80.56,23,-0.077
9,0021900001,1610612740,NOP,New Orleans,1629026,Kenrich Williams,,,18:03,119.6,119.4,79.7,82.1,39.9,37.4,0.231,3.0,33.3,0.115,0.115,0.115,11.1,0.0,0.282,0.125,0.125,101.22,99.73,83.11,36,0.062
10,0021900001,1610612740,NOP,New Orleans,1629740,Nicolo Melli,,,19:37,120.3,117.5,84.0,87.8,36.2,29.7,0.2,1.0,18.2,0.118,0.111,0.114,18.2,1.0,1.0,0.2,0.204,100.25,99.12,82.6,40,0.252
11,0021900001,1610612740,NOP,New Orleans,1628402,Frank Jackson,,,13:52,138.7,146.2,97.4,110.7,41.3,35.4,0.111,1.0,11.1,0.0,0.0,0.0,11.1,0.583,0.654,0.286,0.272,102.54,93.47,77.89,26,0.062
12,0021900001,1610612740,NOP,New Orleans,1629637,Jaxson Hayes,,DNP - Coach's Decision                  ,,,0.0,,0.0,,0.0,,,,0.0,0.0,0.0,,,,0.0,0.0,,,,0,
13,0021900001,1610612761,TOR,Toronto,1628384,OG Anunoby,F,,35:49,108.9,111.5,99.9,100.0,9.0,11.5,0.0,0.0,0.0,0.07,0.108,0.088,7.7,0.458,0.442,0.14,0.145,103.85,102.54,85.45,78,0.044
14,0021900001,1610612761,TOR,Toronto,1627783,Pascal Siakam,F,,38:08,114.0,120.9,113.7,116.5,0.3,4.5,0.217,1.25,12.5,0.14,0.286,0.212,10.0,0.462,0.551,0.35,0.349,112.16,107.61,89.67,86,0.171
15,0021900001,1610612761,TOR,Toronto,201188,Marc Gasol,C,,31:55,106.0,105.6,113.8,114.7,-7.8,-9.2,0.045,0.0,10.0,0.028,0.091,0.058,0.0,0.278,0.318,0.108,0.113,105.44,105.29,87.74,72,-0.012
16,0021900001,1610612761,TOR,Toronto,200768,Kyle Lowry,G,,44:60,106.0,108.9,111.2,113.3,-5.2,-4.4,0.188,1.5,19.4,0.018,0.083,0.048,12.9,0.367,0.531,0.208,0.214,108.57,106.14,88.45,101,0.076
17,0021900001,1610612761,TOR,Toronto,1627832,Fred VanVleet,G,,44:20,114.8,120.6,104.4,106.5,10.4,14.2,0.269,3.5,24.1,0.0,0.106,0.052,6.9,0.806,0.824,0.191,0.195,106.53,102.85,85.71,97,0.225
18,0021900001,1610612761,TOR,Toronto,201586,Serge Ibaka,,,25:60,104.5,107.0,99.7,100.0,4.8,7.0,0.0,0.0,0.0,0.056,0.083,0.069,18.8,0.4,0.514,0.216,0.227,104.81,103.41,86.18,57,0.078
19,0021900001,1610612761,TOR,Toronto,1626181,Norman Powell,,,28:39,94.4,98.3,99.5,101.9,-5.1,-3.6,0.133,1.0,18.2,0.026,0.194,0.108,18.2,0.357,0.357,0.122,0.126,96.89,93.84,78.2,58,0.086
20,0021900001,1610612761,TOR,Toronto,1629056,Terence Davis,,,15:10,104.4,108.6,114.2,115.2,-9.8,-6.6,0.182,0.0,25.0,0.091,0.188,0.132,0.0,0.417,0.417,0.133,0.142,110.26,107.6,89.67,35,0.126
21,0021900001,1610612761,TOR,Toronto,1628449,Chris Boucher,,DNP - Coach's Decision                  ,,,0.0,,0.0,,0.0,,,,0.0,0.0,0.0,,,,0.0,0.0,,,,0,
22,0021900001,1610612761,TOR,Toronto,1629608,Dewan Hernandez,,DNP - Coach's Decision                  ,,,0.0,,0.0,,0.0,,,,0.0,0.0,0.0,,,,0.0,0.0,,,,0,
23,0021900001,1610612761,TOR,Toronto,1626169,Stanley Johnson,,DNP - Coach's Decision                  ,,,0.0,,0.0,,0.0,,,,0.0,0.0,0.0,,,,0.0,0.0,,,,0,
24,0021900001,1610612761,TOR,Toronto,1626259,Malcolm Miller,,DNP - Coach's Decision                  ,,,0.0,,0.0,,0.0,,,,0.0,0.0,0.0,,,,0.0,0.0,,,,0,
25,0021900001,1610612761,TOR,Toronto,1629744,Matt Thomas,,DNP - Coach's Decision                  ,,,0.0,,0.0,,0.0,,,,0.0,0.0,0.0,,,,0.0,0.0,,,,0,
0,0021900008,1610612738,BOS,Boston,202330,Gordon Hayward,F,,35:11,90.0,93.4,104.7,106.5,-14.7,-13.1,0.111,2.0,8.7,0.0,0.139,0.063,4.3,0.533,0.63,0.253,0.25,107.23,104.37,86.97,76,0.179
1,0021900008,1610612738,BOS,Boston,1628369,Jayson Tatum,F,,37:13,89.1,93.7,95.5,98.7,-6.4,-5.1,0.118,0.5,6.9,0.019,0.214,0.105,13.8,0.455,0.45,0.287,0.29,106.25,101.89,84.91,79,0.142
2,0021900008,1610612738,BOS,Boston,202683,Enes Kanter,C,,24:58,72.3,74.5,97.7,98.1,-25.4,-23.6,0.167,0.0,16.7,0.081,0.107,0.092,0.0,0.625,0.542,0.156,0.162,106.66,104.78,87.32,55,0.152
3,0021900008,1610612738,BOS,Boston,1627759,Jaylen Brown,G,,20:52,83.9,83.7,106.9,109.1,-23.0,-25.4,0.0,0.0,0.0,0.0,0.304,0.135,12.5,0.583,0.546,0.163,0.167,101.03,100.06,83.39,43,0.097
4,0021900008,1610612738,BOS,Boston,202689,Kemba Walker,G,,34:15,80.3,84.0,103.3,106.8,-23.0,-22.8,0.111,0.67,8.3,0.04,0.0,0.024,12.5,0.25,0.304,0.25,0.252,108.53,104.41,87.01,75,-0.085
5,0021900008,1610612738,BOS,Boston,203935,Marcus Smart,,,33:01,84.3,84.9,101.1,102.7,-16.8,-17.8,0.4,8.0,50.0,0.022,0.079,0.048,6.3,0.286,0.286,0.096,0.101,107.41,106.13,88.44,73,0.061
6,0021900008,1610612738,BOS,Boston,1628464,Daniel Theis,,,9:52,97.0,81.0,121.5,120.0,-24.4,-39.0,0.0,0.0,0.0,0.067,0.0,0.043,0.0,0.0,0.543,0.125,0.146,90.68,99.73,83.11,21,0.029
7,0021900008,1610612738,BOS,Boston,1628400,Semi Ojeleye,,,9:45,101.3,90.5,100.6,100.0,0.7,-9.5,0.0,0.0,0.0,0.0,0.111,0.05,0.0,0.0,0.0,0.045,0.051,95.11,100.92,84.1,21,0.0
8,0021900008,1610612738,BOS,Boston,1629035,Carsen Edwards,,,11:25,110.4,108.7,113.6,113.0,-3.2,-4.3,0.0,0.0,0.0,0.067,0.0,0.036,0.0,0.3,0.3,0.172,0.195,95.69,96.7,80.58,23,-0.011
9,0021900008,1610612738,BOS,Boston,1629684,Grant Williams,,,7:12,94.5,88.2,92.1,88.2,2.3,0.0,0.0,0.0,0.0,0.0,0.111,0.056,0.0,0.0,0.0,0.059,0.063,107.2,113.33,94.44,17,-0.1
10,0021900008,1610612738,BOS,Boston,202954,Brad Wanamaker,,,5:30,90.8,100.0,95.3,100.0,-4.5,0.0,0.2,0.0,33.3,0.0,0.0,0.0,0.0,0.0,0.0,0.133,0.131,122.01,113.45,94.55,13,-0.063
11,0021900008,1610612738,BOS,Boston,1629057,Robert Williams III,,,10:46,107.1,111.5,81.6,88.0,25.5,23.5,0.111,0.0,16.7,0.071,0.154,0.111,0.0,0.5,0.512,0.172,0.172,120.46,113.68,94.74,26,0.092
12,0021900008,1610612738,BOS,Boston,1629738,Vincent Poirier,,DNP - Coach's Decision                  ,,,0.0,,0.0,,0.0,,,,0.0,0.0,0.0,,,,0.0,0.0,,,,0,
13,0021900008,1610612755,PHI,Philadelphia,202699,Tobias Harris,F,,37:37,102.2,106.0,87.9,88.9,14.3,17.1,0.174,1.0,20.0,0.027,0.28,0.172,20.0,0.636,0.631,0.172,0.176,107.16,104.63,87.2,83,0.214
14,0021900008,1610612755,PHI,Philadelphia,201143,Al Horford,F,,31:11,93.8,95.7,84.9,84.5,8.9,11.1,0.167,3.0,15.0,0.034,0.025,0.029,5.0,0.423,0.512,0.224,0.229,108.55,107.75,89.79,69,0.082
15,0021900008,1610612755,PHI,Philadelphia,203954,Joel Embiid,C,,23:15,105.5,106.0,71.5,72.5,34.0,33.5,0.214,0.0,14.3,0.154,0.25,0.21,0.0,0.393,0.428,0.3,0.314,105.25,104.26,86.88,50,0.245
16,0021900008,1610612755,PHI,Philadelphia,1626196,Josh Richardson,G,,33:06,115.2,117.4,84.0,84.3,31.2,33.1,0.083,1.0,10.0,0.054,0.089,0.073,10.0,0.333,0.533,0.214,0.221,101.92,100.79,83.99,69,0.13
17,0021900008,1610612755,PHI,Philadelphia,1627732,Ben Simmons,G,,34:59,104.2,109.2,88.4,89.5,15.7,19.7,0.45,2.25,29.0,0.063,0.136,0.105,12.9,0.688,0.659,0.256,0.26,107.41,104.28,86.9,76,0.234
18,0021900008,1610612755,PHI,Philadelphia,203516,James Ennis III,,,16:57,62.5,64.9,93.0,94.7,-30.5,-29.9,0.0,0.0,0.0,0.043,0.2,0.125,37.5,0.0,0.315,0.186,0.193,109.2,106.19,88.5,37,-0.132
19,0021900008,1610612755,PHI,Philadelphia,1629680,Matisse Thybulle,,,21:41,104.7,110.9,93.6,97.9,11.0,13.0,0.059,1.0,14.3,0.0,0.033,0.019,14.3,0.3,0.3,0.105,0.106,108.29,102.94,85.78,46,-0.033
20,0021900008,1610612755,PHI,Philadelphia,1627788,Furkan Korkmaz,,,19:02,99.6,97.6,85.5,86.0,14.1,11.5,0.0,0.0,0.0,0.0,0.133,0.073,0.0,0.75,0.75,0.04,0.042,105.21,105.92,88.27,41,0.094
21,0021900008,1610612755,PHI,Philadelphia,203118,Mike Scott,,,16:17,103.6,102.9,85.6,91.4,18.0,11.5,0.125,0.0,11.1,0.042,0.2,0.122,0.0,0.286,0.381,0.182,0.191,104.94,101.7,84.75,34,0.136
22,0021900008,1610612755,PHI,Philadelphia,203124,Kyle O'Quinn,,,3:43,134.4,166.7,204.1,150.0,-69.7,16.7,0.0,0.0,0.0,0.0,0.333,0.167,0.0,1.25,1.25,0.25,0.237,86.01,90.4,75.34,6,0.273
23,0021900008,1610612755,PHI,Philadelphia,1629003,Shake Milton,,,1:06,100.0,100.0,150.0,100.0,-50.0,0.0,1.0,0.0,100.0,0.0,0.0,0.0,0.0,0.0,0.0,0.0,0.0,87.27,109.09,90.91,2,0.2
24,0021900008,1610612755,PHI,Philadelphia,203526,Raul Neto,,,1:06,100.0,100.0,150.0,100.0,-50.0,0.0,0.0,0.0,0.0,0.0,0.0,0.0,0.0,0.0,0.0,0.0,0.0,87.27,109.09,90.91,2,0.0
25,0021900008,1610612755,PHI,Philadelphia,203504,Trey Burke,,DNP - Coach's Decision                  ,,,0.0,,0.0,,0.0,,,,0.0,0.0,0.0,,,,0.0,0.0,,,,0,
0,0021900010,1610612752,NYK,New York,203944,Julius Randle,F,,35:24,110.7,106.2,101.7,101.3,9.0,4.9,0.25,6.0,22.2,0.032,0.294,0.169,3.7,0.583,0.606,0.253,0.263,106.03,108.47,90.4,81,0.2
1,0021900010,1610612752,NYK,New York,202694,Marcus Morris Sr.,F,,39:15,92.5,93.4,109.8,108.7,-17.3,-15.3,0.042,1.0,4.5,0.0,0.114,0.05,4.5,0.583,0.644,0.216,0.217,111.9,111.9,93.25,91,0.128
2,0021900010,1610612752,NYK,New York,1626171,Bobby Portis,C,,33:05,105.3,103.8,112.7,110.3,-7.4,-6.4,0.185,5.0,31.3,0.061,0.185,0.117,6.3,0.4,0.383,0.136,0.138,111.17,113.17,94.31,78,0.071
3,0021900010,1610612752,NYK,New York,1629019,Allonzo Trier,G,,6:51,51.6,50.0,86.6,88.2,-35.0,-38.2,0.0,0.0,0.0,0.0,0.0,0.0,25.0,0.0,0.0,0.2,0.206,121.79,122.63,102.19,18,-0.216
4,0021900010,1610612752,NYK,New York,1629628,RJ Barrett,G,,37:07,98.8,101.2,102.8,101.1,-4.0,0.0,0.077,0.67,10.0,0.0,0.152,0.068,15.0,0.731,0.711,0.198,0.196,111.67,111.23,92.69,85,0.128
5,0021900010,1610612752,NYK,New York,1628372,Dennis Smith Jr.,,,10:20,96.0,95.5,110.3,114.3,-14.3,-18.8,0.143,0.0,20.0,0.0,0.0,0.0,0.0,0.25,0.25,0.182,0.183,101.36,99.87,83.23,22,-0.073
6,0021900010,1610612752,NYK,New York,201959,Taj Gibson,,,14:55,88.2,90.9,101.4,103.0,-13.2,-12.1,0.0,0.0,0.0,0.111,0.111,0.111,28.6,0.2,0.2,0.194,0.194,108.64,106.19,88.49,33,-0.054
7,0021900010,1610612752,NYK,New York,1628995,Kevin Knox II,,,21:10,95.7,96.1,120.2,125.0,-24.5,-28.9,0.0,0.0,0.0,0.0,0.238,0.106,10.0,0.722,0.722,0.182,0.185,114.66,112.25,93.54,51,0.084
8,0021900010,1610612752,NYK,New York,201961,Wayne Ellington,,,12:56,93.5,90.0,139.7,148.1,-46.2,-58.1,0.111,0.5,14.3,0.0,0.071,0.036,28.6,0.375,0.375,0.2,0.208,106.7,105.73,88.11,30,-0.008
9,0021900010,1610612752,NYK,New York,203901,Elfrid Payton,,,26:03,131.4,132.8,107.6,103.3,23.8,29.5,0.308,0.0,44.4,0.0,0.095,0.049,0.0,0.5,0.557,0.167,0.165,107.94,109.64,91.36,58,0.132
10,0021900010,1610612752,NYK,New York,1628373,Frank Ntilikina,,,2:54,44.4,50.0,128.9,142.9,-84.4,-92.9,0.0,0.0,0.0,0.0,0.0,0.0,66.7,0.0,0.0,0.3,0.3,138.7,124.14,103.45,8,-0.353
11,0021900010,1610612752,NYK,New York,1629649,Ignas Brazdeikis,,DNP - Coach's Decision                  ,,,0.0,,0.0,,0.0,,,,0.0,0.0,0.0,,,,0.0,0.0,,,,0,
12,0021900010,1610612752,NYK,New York,1628422,Damyean Dotson,,DNP - Coach's Decision                  ,,,0.0,,0.0,,0.0,,,,0.0,0.0,0.0,,,,0.0,0.0,,,,0,
13,0021900010,1610612759,SAS,San Antonio,201942,DeMar DeRozan,F,,31:38,107.2,102.7,103.4,101.4,3.9,1.3,0.182,1.0,17.4,0.0,0.125,0.068,17.4,0.3,0.438,0.238,0.247,108.1,111.53,92.94,74,0.028
14,0021900010,1610612759,SAS,San Antonio,200746,LaMarcus Aldridge,F,,35:18,107.4,103.7,109.3,107.4,-1.9,-3.7,0.05,0.25,4.5,0.129,0.118,0.123,18.2,0.567,0.64,0.241,0.249,107.29,110.14,91.78,81,0.123
15,0021900010,1610612759,SAS,San Antonio,1626168,Trey Lyles,C,,24:17,117.8,112.5,97.1,98.2,20.7,14.3,0.0,0.0,0.0,0.048,0.37,0.229,16.7,0.75,0.82,0.098,0.103,107.81,109.7,91.42,56,0.13
16,0021900010,1610612759,SAS,San Antonio,1627854,Bryn Forbes,G,,32:31,108.5,104.0,101.3,101.4,7.2,2.6,0.053,0.0,7.1,0.0,0.152,0.081,0.0,0.708,0.751,0.16,0.167,106.96,109.24,91.03,75,0.153
17,0021900010,1610612759,SAS,San Antonio,1627749,Dejounte Murray,G,,23:47,110.3,113.2,94.3,94.4,16.0,18.8,0.353,1.5,30.0,0.0,0.296,0.167,20.0,0.75,0.795,0.25,0.244,109.47,107.97,89.98,53,0.257
18,0021900010,1610612759,SAS,San Antonio,1628401,Derrick White,,,22:10,110.9,108.0,102.9,102.0,8.0,6.0,0.214,1.5,23.1,0.043,0.043,0.043,15.4,0.5,0.549,0.175,0.18,107.4,109.35,91.13,50,0.053
19,0021900010,1610612759,SAS,San Antonio,200752,Rudy Gay,,,20:18,101.1,102.1,97.2,95.8,3.9,6.2,0.231,1.0,17.6,0.045,0.238,0.14,17.6,0.444,0.58,0.264,0.262,113.26,113.5,94.58,48,0.175
20,0021900010,1610612759,SAS,San Antonio,1627751,Jakob Poeltl,,,16:07,111.3,115.8,89.0,92.1,22.3,23.7,0.071,0.0,20.0,0.125,0.1,0.111,0.0,0.75,0.75,0.095,0.092,117.4,113.17,94.31,38,0.106
21,0021900010,1610612759,SAS,San Antonio,201158,Marco Belinelli,,,17:46,109.6,112.2,102.6,104.8,7.0,7.4,0.059,1.0,20.0,0.0,0.05,0.026,20.0,0.5,0.521,0.089,0.087,114.61,112.12,93.43,41,0.024
22,0021900010,1610612759,SAS,San Antonio,201988,Patty Mills,,,16:08,110.3,117.9,93.5,95.0,16.8,22.9,0.154,1.0,13.3,0.063,0.056,0.059,13.3,0.364,0.364,0.302,0.284,122.52,117.52,97.93,39,0.022
23,0021900010,1610612759,SAS,San Antonio,201960,DeMarre Carroll,,DNP - Coach's Decision                  ,,,0.0,,0.0,,0.0,,,,0.0,0.0,0.0,,,,0.0,0.0,,,,0,
24,0021900010,1610612759,SAS,San Antonio,1629002,Chimezie Metu,,DNP - Coach's Decision                  ,,,0.0,,0.0,,0.0,,,,0.0,0.0,0.0,,,,0.0,0.0,,,,0,
25,0021900010,1610612759,SAS,San Antonio,1629022,Lonnie Walker IV,,DNP - Coach's Decision                  ,,,0.0,,0.0,,0.0,,,,0.0,0.0,0.0,,,,0.0,0.0,,,,0,
0,0021900012,1610612758,SAC,Sacramento,203084,Harrison Barnes,F,,30:10,84.4,87.1,114.3,117.4,-29.9,-30.2,0.056,0.25,5.9,0.0,0.188,0.087,23.5,0.5,0.487,0.205,0.204,113.86,110.59,92.15,70,0.04
1,0021900012,1610612758,SAC,Sacramento,1628963,Marvin Bagley III,F,,27:42,88.8,89.2,119.8,119.7,-30.9,-30.5,0.0,0.0,0.0,0.125,0.188,0.156,5.3,0.375,0.394,0.257,0.259,113.71,113.5,94.58,65,0.076
2,0021900012,1610612758,SAC,Sacramento,203473,Dewayne Dedmon,C,,14:13,78.0,81.3,96.5,103.1,-18.5,-21.9,0.111,0.5,16.7,0.063,0.238,0.162,33.3,0.333,0.436,0.143,0.142,113.98,108.04,90.04,32,0.061
3,0021900012,1610612758,SAC,Sacramento,1627741,Buddy Hield,G,,31:10,91.4,94.4,110.9,115.3,-19.5,-20.8,0.118,0.4,7.7,0.059,0.083,0.071,19.2,0.684,0.704,0.304,0.302,114.92,110.89,92.41,72,0.132
4,0021900012,1610612758,SAC,Sacramento,1628368,De'Aaron Fox,G,,26:33,81.6,87.3,113.1,112.5,-31.5,-25.2,0.263,1.0,26.3,0.0,0.036,0.016,26.3,0.429,0.457,0.194,0.193,118.45,114.8,95.67,63,-0.017
5,0021900012,1610612758,SAC,Sacramento,203992,Bogdan Bogdanovic,,,22:04,72.0,74.0,123.2,117.3,-51.1,-43.3,0.182,2.0,15.4,0.0,0.118,0.039,7.7,0.1,0.1,0.183,0.185,109.72,110.94,92.45,50,-0.098
6,0021900012,1610612758,SAC,Sacramento,1626158,Richaun Holmes,,,17:25,74.3,79.5,102.1,100.0,-27.8,-20.5,0.0,0.0,0.0,0.042,0.286,0.132,25.0,0.0,0.174,0.089,0.089,110.13,107.48,89.57,39,-0.026
7,0021900012,1610612758,SAC,Sacramento,202709,Cory Joseph,,,20:53,87.8,88.6,114.9,113.3,-27.0,-24.7,0.4,1.33,26.7,0.0,0.05,0.023,20.0,0.5,0.644,0.216,0.218,102.05,102.28,85.24,44,0.157
8,0021900012,1610612758,SAC,Sacramento,2772,Trevor Ariza,,,21:13,77.8,80.9,99.8,100.0,-22.0,-19.1,0.0,0.0,0.0,0.04,0.095,0.065,14.3,0.5,0.595,0.125,0.128,108.5,106.33,88.61,47,0.082
9,0021900012,1610612758,SAC,Sacramento,202357,Nemanja Bjelica,,,20:40,85.3,91.5,108.7,106.1,-23.4,-14.6,0.154,2.0,22.2,0.04,0.15,0.089,11.1,0.417,0.417,0.127,0.129,114.09,111.48,92.9,47,0.107
10,0021900012,1610612758,SAC,Sacramento,1627812,Yogi Ferrell,,,3:59,82.2,70.0,144.2,120.0,-62.1,-50.0,0.0,0.0,0.0,0.0,0.333,0.111,0.0,0.75,0.75,0.167,0.174,101.46,120.5,100.42,10,0.316
11,0021900012,1610612758,SAC,Sacramento,1628403,Caleb Swanigan,,,1:59,129.3,100.0,102.5,71.4,26.9,28.6,0.0,0.0,0.0,0.5,0.333,0.4,50.0,0.0,0.568,0.286,0.301,115.2,157.31,131.09,6,0.0
12,0021900012,1610612758,SAC,Sacramento,1629117,Wenyen Gabriel,,,1:59,129.3,100.0,102.5,71.4,26.9,28.6,0.0,0.0,0.0,0.5,0.0,0.2,50.0,0.0,0.568,0.286,0.301,115.2,157.31,131.09,6,-0.077
13,0021900012,1610612756,PHX,Phoenix,1626162,Kelly Oubre Jr.,F,,30:04,111.2,114.1,84.5,88.6,26.7,25.5,0.04,0.5,4.5,0.059,0.206,0.132,9.1,0.5,0.56,0.269,0.273,116.73,112.55,93.79,71,0.161
14,0021900012,1610612756,PHX,Phoenix,203967,Dario Saric,F,,21:16,110.4,114.0,86.9,90.0,23.4,24.0,0.0,0.0,0.0,0.0,0.211,0.089,0.0,0.357,0.444,0.143,0.141,116.69,112.85,94.04,50,0.066
15,0021900012,1610612756,PHX,Phoenix,1629028,Deandre Ayton,C,,33:24,105.9,107.9,72.2,75.0,33.8,32.9,0.0,0.0,0.0,0.083,0.19,0.141,0.0,0.643,0.643,0.161,0.166,112.34,109.21,91.0,76,0.212
16,0021900012,1610612756,PHX,Phoenix,1626164,Devin Booker,G,,32:18,119.3,123.0,88.9,91.7,30.4,31.3,0.37,3.33,33.3,0.0,0.051,0.027,10.0,0.647,0.631,0.244,0.246,111.87,108.48,90.4,74,0.141
17,0021900012,1610612756,PHX,Phoenix,201937,Ricky Rubio,G,,29:41,103.6,107.2,81.4,85.5,22.3,21.7,0.407,2.75,39.3,0.056,0.129,0.09,14.3,0.333,0.4,0.213,0.217,116.36,111.58,92.98,69,0.141
18,0021900012,1610612756,PHX,Phoenix,1626163,Frank Kaminsky,,,19:24,99.8,97.7,89.9,97.6,9.9,0.1,0.167,0.0,22.2,0.105,0.074,0.087,0.0,0.571,0.605,0.143,0.149,109.71,106.39,88.66,44,0.208
19,0021900012,1610612756,PHX,Phoenix,203382,Aron Baynes,,,9:47,137.8,133.3,95.6,100.0,42.2,33.3,0.111,0.5,16.7,0.0,0.154,0.1,33.3,0.833,0.833,0.217,0.224,103.77,103.09,85.9,21,0.033
20,0021900012,1610612756,PHX,Phoenix,1628969,Mikal Bridges,,,23:12,117.9,113.0,80.0,79.2,37.9,33.7,0.048,0.0,14.3,0.0,0.097,0.058,0.0,0.25,0.434,0.097,0.106,107.79,110.69,92.24,54,0.095
21,0021900012,1610612756,PHX,Phoenix,1628975,Jevon Carter,,,18:19,126.5,116.3,88.0,85.7,38.5,30.6,0.214,3.0,27.3,0.0,0.036,0.024,9.1,0.786,0.786,0.178,0.193,105.4,111.37,92.81,43,0.118
22,0021900012,1610612756,PHX,Phoenix,204020,Tyler Johnson,,,16:38,106.3,97.4,67.6,71.8,38.6,25.6,0.182,1.0,16.7,0.0,0.08,0.051,16.7,0.625,0.625,0.227,0.252,111.33,112.55,93.79,39,0.235
23,0021900012,1610612756,PHX,Phoenix,1627767,Cheick Diallo,,,1:59,102.5,71.4,129.3,100.0,-26.9,-28.6,0.0,0.0,0.0,0.0,0.0,0.0,0.0,0.0,1.136,0.143,0.205,115.2,157.31,131.09,7,0.0
24,0021900012,1610612756,PHX,Phoenix,1629607,Jared Harper,,,1:59,102.5,71.4,129.3,100.0,-26.9,-28.6,0.0,0.0,0.0,0.0,0.0,0.0,0.0,0.0,0.0,0.143,0.205,115.2,157.31,131.09,7,-0.154
25,0021900012,1610612756,PHX,Phoenix,1629059,Elie Okobo,,,1:59,102.5,71.4,129.3,100.0,-26.9,-28.6,0.0,0.0,0.0,0.0,0.0,0.0,0.0,1.5,1.5,0.143,0.205,115.2,157.31,131.09,7,0.462
0,0021900006,1610612750,MIN,Minnesota,1626203,Treveon Graham,F,,34:34,108.4,110.7,116.1,117.3,-7.7,-6.7,0.148,0.0,23.5,0.049,0.103,0.075,0.0,0.308,0.335,0.148,0.148,105.79,104.13,86.77,75,0.057
1,0021900006,1610612750,MIN,Minnesota,203496,Robert Covington,F,,32:42,96.7,101.4,115.8,115.5,-19.1,-14.1,0.0,0.0,0.0,0.049,0.189,0.115,15.4,0.682,0.682,0.159,0.158,105.83,103.49,86.24,70,0.096
2,0021900006,1610612750,MIN,Minnesota,1626157,Karl-Anthony Towns,C,,38:41,109.7,111.8,113.5,114.3,-3.8,-2.5,0.12,1.0,9.7,0.021,0.302,0.154,9.7,0.659,0.705,0.283,0.287,106.21,104.87,87.39,85,0.237
3,0021900006,1610612750,MIN,Minnesota,203952,Andrew Wiggins,G,,36:13,96.5,97.5,131.8,131.3,-35.2,-33.7,0.0,0.0,0.0,0.106,0.081,0.095,3.4,0.37,0.377,0.305,0.316,107.06,106.72,88.93,81,0.022
4,0021900006,1610612750,MIN,Minnesota,201952,Jeff Teague,G,,34:33,106.1,109.1,121.7,119.7,-15.5,-10.6,0.148,1.33,25.0,0.0,0.083,0.038,18.8,0.625,0.717,0.133,0.135,106.93,106.26,88.55,77,0.081
5,0021900006,1610612750,MIN,Minnesota,203943,Noah Vonleh,,,14:23,92.2,91.4,88.5,81.1,3.6,10.3,0.111,1.0,20.0,0.0,0.222,0.125,20.0,0.333,0.333,0.105,0.112,114.52,120.19,100.16,35,0.127
6,0021900006,1610612750,MIN,Minnesota,203894,Shabazz Napier,,,20:59,111.4,110.2,77.7,75.5,33.7,34.7,0.438,7.0,41.2,0.0,0.042,0.022,5.9,0.143,0.272,0.189,0.198,109.94,112.09,93.41,49,0.05
7,0021900006,1610612750,MIN,Minnesota,1629633,Jarrett Culver,,,15:46,103.5,100.0,87.3,84.2,16.1,15.8,0.0,0.0,0.0,0.063,0.056,0.059,28.6,0.4,0.4,0.171,0.186,111.67,115.69,96.41,38,0.034
8,0021900006,1610612750,MIN,Minnesota,1629006,Josh Okogie,,,14:27,117.0,113.9,54.7,54.3,62.3,59.6,0.3,0.0,25.0,0.071,0.111,0.094,0.0,0.5,0.646,0.231,0.243,116.0,117.99,98.33,36,0.439
9,0021900006,1610612750,MIN,Minnesota,1627774,Jake Layman,,,22:43,107.3,101.8,93.2,90.9,14.1,10.8,0.063,0.0,12.5,0.0,0.08,0.039,0.0,0.714,0.714,0.111,0.123,113.75,118.32,98.6,57,0.127
10,0021900006,1610612750,MIN,Minnesota,1628395,Jordan Bell,,DNP - Coach's Decision                  ,,,0.0,,0.0,,0.0,,,,0.0,0.0,0.0,,,,0.0,0.0,,,,0,
11,0021900006,1610612750,MIN,Minnesota,203476,Gorgui Dieng,,DNP - Coach's Decision                  ,,,0.0,,0.0,,0.0,,,,0.0,0.0,0.0,,,,0.0,0.0,,,,0,
12,0021900006,1610612750,MIN,Minnesota,1629103,Kelan Martin,,DNP - Coach's Decision                  ,,,0.0,,0.0,,0.0,,,,0.0,0.0,0.0,,,,0.0,0.0,,,,0,
13,0021900006,1610612751,BKN,Brooklyn,203925,Joe Harris,F,,39:19,105.1,101.1,98.2,102.3,6.8,-1.2,0.067,1.0,15.4,0.0,0.091,0.046,15.4,0.778,0.778,0.115,0.12,106.42,106.22,88.52,88,0.081
14,0021900006,1610612751,BKN,Brooklyn,1627752,Taurean Prince,F,,41:15,120.0,122.5,99.3,100.0,20.7,22.5,0.056,0.0,12.5,0.061,0.16,0.111,0.0,0.538,0.54,0.14,0.14,105.55,104.15,86.79,89,0.113
15,0021900006,1610612751,BKN,Brooklyn,1628386,Jarrett Allen,C,,36:22,123.1,124.4,104.7,107.5,18.4,16.9,0.029,0.0,11.1,0.075,0.136,0.107,0.0,0.5,0.387,0.092,0.093,106.22,104.27,86.89,78,0.045
16,0021900006,1610612751,BKN,Brooklyn,1627747,Caris LeVert,G,,37:18,117.4,118.5,104.1,104.8,13.3,13.7,0.143,0.8,13.3,0.0,0.109,0.057,16.7,0.5,0.482,0.289,0.293,106.42,105.52,87.94,81,0.073
17,0021900006,1610612751,BKN,Brooklyn,202681,Kyrie Irving,G,,38:10,121.7,124.4,99.7,100.0,22.1,24.4,0.318,0.0,15.9,0.044,0.128,0.087,0.0,0.621,0.668,0.402,0.403,105.69,104.38,86.99,82,0.274
18,0021900006,1610612751,BKN,Brooklyn,1628021,David Nwaba,,,13:04,68.5,67.7,103.5,103.0,-35.0,-35.3,0.0,0.0,0.0,0.0,0.188,0.103,50.0,0.0,0.568,0.061,0.061,116.57,117.52,97.93,31,0.017
19,0021900006,1610612751,BKN,Brooklyn,201599,DeAndre Jordan,,,16:38,73.2,72.5,104.7,100.0,-31.5,-27.5,0.091,1.0,25.0,0.053,0.111,0.081,25.0,0.0,0.532,0.07,0.07,113.7,116.87,97.39,40,-0.013
20,0021900006,1610612751,BKN,Brooklyn,202066,Garrett Temple,,,17:02,75.7,75.0,109.6,109.8,-34.0,-34.8,0.0,0.0,0.0,0.0,0.0,0.0,14.3,0.333,0.333,0.163,0.164,113.68,114.13,95.11,40,-0.023
21,0021900006,1610612751,BKN,Brooklyn,203915,Spencer Dinwiddie,,,18:33,98.4,100.0,115.8,113.0,-17.3,-13.0,0.182,0.4,9.5,0.053,0.091,0.073,23.8,0.5,0.504,0.388,0.39,117.27,117.74,98.11,45,0.023
22,0021900006,1610612751,BKN,Brooklyn,1629066,Rodions Kurucs,,,7:19,72.1,70.6,152.2,147.4,-80.1,-76.8,0.0,0.0,0.0,0.0,0.4,0.154,50.0,0.0,0.0,0.111,0.113,114.89,118.03,98.36,17,-0.085
23,0021900006,1610612751,BKN,Brooklyn,201163,Wilson Chandler,,NWT_LEAGUE_SUSPENSION                   ,,,0.0,,0.0,,0.0,,,,0.0,0.0,0.0,,,,0.0,0.0,,,,0,
24,0021900006,1610612751,BKN,Brooklyn,1629058,Dzanan Musa,,DNP - Coach's Decision                  ,,,0.0,,0.0,,0.0,,,,0.0,0.0,0.0,,,,0.0,0.0,,,,0,
25,0021900006,1610612751,BKN,Brooklyn,1629033,Theo Pinson,,DNP - Coach's Decision                  ,,,0.0,,0.0,,0.0,,,,0.0,0.0,0.0,,,,0.0,0.0,,,,0,
0,0021900005,1610612739,CLE,Cleveland,1626224,Cedi Osman,F,,28:59,103.8,103.3,97.4,95.0,6.4,8.3,0.111,1.0,15.4,0.0,0.1,0.05,15.4,0.722,0.722,0.157,0.16,98.74,100.2,83.5,61,0.118
1,0021900005,1610612739,CLE,Cleveland,201567,Kevin Love,F,,35:57,85.7,82.9,103.3,98.7,-17.6,-15.8,0.143,1.5,18.8,0.024,0.415,0.22,12.5,0.444,0.511,0.151,0.158,99.47,103.48,86.23,76,0.174
2,0021900005,1610612739,CLE,Cleveland,202684,Tristan Thompson,C,,33:15,89.1,88.7,93.8,90.0,-4.7,-1.3,0.063,1.0,7.7,0.053,0.257,0.151,7.7,0.727,0.727,0.156,0.161,99.55,101.77,84.81,71,0.181
3,0021900005,1610612739,CLE,Cleveland,1629636,Darius Garland,G,,31:32,93.0,90.9,104.9,100.0,-12.0,-9.1,0.25,1.67,29.4,0.029,0.026,0.028,17.6,0.444,0.444,0.164,0.17,97.69,101.23,84.36,66,0.052
4,0021900005,1610612739,CLE,Cleveland,1629012,Collin Sexton,G,,29:54,97.5,95.2,105.0,101.6,-7.5,-6.3,0.111,0.67,9.1,0.032,0.03,0.031,13.6,0.433,0.477,0.286,0.296,98.31,101.14,84.28,63,0.037
5,0021900005,1610612739,CLE,Cleveland,1626204,Larry Nance Jr.,,,26:48,77.2,75.9,81.0,78.3,-3.7,-2.5,0.154,0.5,11.1,0.108,0.313,0.203,22.2,0.409,0.379,0.242,0.25,102.99,105.67,88.06,58,0.08
6,0021900005,1610612739,CLE,Cleveland,203521,Matthew Dellavedova,,,18:06,64.0,62.5,76.1,76.9,-12.2,-14.4,0.375,0.0,30.0,0.0,0.048,0.021,0.0,0.333,0.363,0.156,0.162,104.06,104.75,87.29,40,0.08
7,0021900005,1610612739,CLE,Cleveland,203903,Jordan Clarkson,,,18:19,62.4,61.0,91.3,90.2,-28.9,-29.3,0.0,0.0,0.0,0.037,0.059,0.045,7.1,0.167,0.263,0.304,0.318,105.61,107.44,89.54,41,-0.011
8,0021900005,1610612739,CLE,Cleveland,1629645,Kevin Porter Jr.,,,17:10,61.3,57.9,71.4,73.0,-10.0,-15.1,0.2,0.0,25.0,0.0,0.043,0.021,0.0,0.0,0.0,0.146,0.158,103.06,104.85,87.38,38,-0.105
9,0021900005,1610612739,CLE,Cleveland,1629076,Tyler Cook,,DNP - Coach's Decision                  ,,,0.0,,0.0,,0.0,,,,0.0,0.0,0.0,,,,0.0,0.0,,,,0,
10,0021900005,1610612739,CLE,Cleveland,202688,Brandon Knight,,DNP - Coach's Decision                  ,,,0.0,,0.0,,0.0,,,,0.0,0.0,0.0,,,,0.0,0.0,,,,0,
11,0021900005,1610612739,CLE,Cleveland,1629731,Dean Wade,,DNP - Coach's Decision                  ,,,0.0,,0.0,,0.0,,,,0.0,0.0,0.0,,,,0.0,0.0,,,,0,
12,0021900005,1610612753,ORL,Orlando,1628371,Jonathan Isaac,F,,23:59,98.3,94.1,95.6,96.0,2.7,-1.9,0.111,1.0,25.0,0.038,0.259,0.151,25.0,0.333,0.387,0.111,0.116,99.11,101.07,84.23,51,0.063
13,0021900005,1610612753,ORL,Orlando,203932,Aaron Gordon,F,,28:53,91.4,87.5,88.0,84.6,3.4,2.9,0.15,3.0,20.0,0.0,0.054,0.029,6.7,0.313,0.423,0.176,0.187,102.87,107.19,89.32,64,0.034
14,0021900005,1610612753,ORL,Orlando,202696,Nikola Vucevic,C,,34:13,101.7,95.9,94.7,93.2,7.0,2.7,0.143,3.0,13.6,0.026,0.231,0.128,4.5,0.531,0.577,0.244,0.257,98.67,102.41,85.34,73,0.186
15,0021900005,1610612753,ORL,Orlando,203095,Evan Fournier,G,,28:06,96.4,94.8,110.5,110.2,-14.1,-15.3,0.235,1.33,20.0,0.033,0.071,0.052,15.0,0.615,0.576,0.267,0.271,99.01,99.93,83.27,58,0.086
16,0021900005,1610612753,ORL,Orlando,201571,D.J. Augustin,G,,24:34,103.9,98.2,88.8,87.3,15.2,10.9,0.294,0.0,35.7,0.0,0.125,0.058,0.0,0.5,0.5,0.153,0.161,103.59,107.46,89.55,55,0.119
17,0021900005,1610612753,ORL,Orlando,1628365,Markelle Fultz,,,23:26,82.6,83.3,79.5,78.7,3.1,4.6,0.6,2.0,28.6,0.0,0.0,0.0,14.3,0.5,0.5,0.283,0.292,97.22,97.3,81.08,48,0.174
18,0021900005,1610612753,ORL,Orlando,202329,Al-Farouq Aminu,,,29:06,93.0,90.5,72.4,68.3,20.6,22.2,0.0,0.0,0.0,0.057,0.139,0.099,12.5,0.3,0.37,0.113,0.119,99.53,103.92,86.6,63,0.034
19,0021900005,1610612753,ORL,Orlando,1628964,Mo Bamba,,,13:47,76.1,77.4,59.1,58.6,17.0,18.8,0.2,0.0,16.7,0.067,0.316,0.206,0.0,0.7,0.7,0.143,0.149,104.96,104.47,87.06,31,0.472
20,0021900005,1610612753,ORL,Orlando,203082,Terrence Ross,,,19:28,87.3,86.0,49.1,46.5,38.2,39.5,0.0,0.0,0.0,0.0,0.138,0.075,7.1,0.385,0.385,0.28,0.295,102.53,106.03,88.36,43,0.12
21,0021900005,1610612753,ORL,Orlando,203487,Michael Carter-Williams,,,14:28,96.0,93.5,79.8,80.0,16.2,13.5,0.0,0.0,0.0,0.067,0.059,0.063,33.3,0.5,0.5,0.088,0.093,100.0,101.2,84.33,31,0.013
22,0021900005,1610612753,ORL,Orlando,203920,Khem Birch,,DNP - Coach's Decision                  ,,,0.0,,0.0,,0.0,,,,0.0,0.0,0.0,,,,0.0,0.0,,,,0,
23,0021900005,1610612753,ORL,Orlando,1628982,Melvin Frazier Jr.,,DNP - Coach's Decision                  ,,,0.0,,0.0,,0.0,,,,0.0,0.0,0.0,,,,0.0,0.0,,,,0,
24,0021900005,1610612753,ORL,Orlando,1628411,Wes Iwundu,,DNP - Coach's Decision                  ,,,0.0,,0.0,,0.0,,,,0.0,0.0,0.0,,,,0.0,0.0,,,,0,
0,0021900007,1610612763,MEM,Memphis,203109,Jae Crowder,F,,30:17,90.5,94.4,109.3,110.1,-18.7,-15.8,0.1,2.0,11.8,0.053,0.103,0.075,5.9,0.364,0.477,0.183,0.185,113.77,110.95,92.46,71,0.089
1,0021900007,1610612763,MEM,Memphis,1628991,Jaren Jackson Jr.,F,,29:56,92.8,97.1,113.6,111.6,-20.8,-14.5,0.0,0.0,0.0,0.032,0.067,0.049,15.8,0.417,0.533,0.253,0.253,111.38,109.84,91.54,68,0.046
2,0021900007,1610612763,MEM,Memphis,202685,Jonas Valanciunas,C,,16:09,64.5,67.6,107.5,110.0,-43.0,-42.4,0.125,0.33,8.3,0.0,0.063,0.029,25.0,0.429,0.444,0.262,0.263,118.47,114.49,95.41,37,-0.056
3,0021900007,1610612763,MEM,Memphis,1628415,Dillon Brooks,G,,18:10,67.6,70.7,104.0,104.7,-36.3,-33.9,0.1,0.5,10.0,0.0,0.278,0.152,20.0,0.5,0.5,0.205,0.205,113.83,110.97,92.48,41,0.08
4,0021900007,1610612763,MEM,Memphis,1629630,Ja Morant,G,,25:09,64.1,65.5,113.5,113.6,-49.4,-48.0,0.444,0.67,16.7,0.0,0.182,0.08,25.0,0.5,0.509,0.317,0.326,112.91,111.65,93.04,58,0.077
5,0021900007,1610612763,MEM,Memphis,1629634,Brandon Clarke,,,23:03,111.6,114.3,108.5,103.6,3.1,10.7,0.05,0.0,14.3,0.087,0.2,0.146,0.0,0.583,0.621,0.098,0.098,115.41,116.62,97.18,56,0.131
6,0021900007,1610612763,MEM,Memphis,1626145,Tyus Jones,,,24:03,102.1,105.0,103.6,100.0,-1.5,5.0,0.438,3.5,30.4,0.0,0.037,0.018,8.7,0.5,0.528,0.232,0.236,116.44,116.76,97.3,60,0.146
7,0021900007,1610612763,MEM,Memphis,1629741,Marko Guduric,,,24:06,105.7,108.5,105.5,101.8,0.2,6.7,0.111,0.67,15.4,0.0,0.08,0.036,23.1,0.5,0.533,0.162,0.165,115.08,115.52,96.27,59,0.062
8,0021900007,1610612763,MEM,Memphis,1628960,Grayson Allen,,,20:49,68.5,66.0,105.1,100.0,-36.6,-34.0,0.154,1.0,20.0,0.0,0.048,0.022,20.0,0.417,0.417,0.136,0.145,115.98,121.11,100.92,53,-0.02
9,0021900007,1610612763,MEM,Memphis,203937,Kyle Anderson,,,20:50,77.9,73.6,95.1,90.2,-17.2,-16.6,0.0,0.0,0.0,0.12,0.278,0.186,20.0,0.5,0.5,0.083,0.091,113.4,119.81,99.84,53,0.13
10,0021900007,1610612763,MEM,Memphis,203998,Bruno Caboclo,,,4:44,64.9,57.1,92.6,84.6,-27.7,-27.5,0.0,0.0,0.0,0.1,0.667,0.231,20.0,0.25,0.25,0.313,0.349,122.7,136.9,114.08,14,0.071
11,0021900007,1610612763,MEM,Memphis,1629001,De'Anthony Melton,,,2:45,101.7,87.5,128.6,112.5,-26.8,-25.0,0.667,0.0,66.7,0.0,0.0,0.0,0.0,0.0,0.0,0.111,0.127,121.13,139.64,116.36,8,0.059
12,0021900007,1610612763,MEM,Memphis,203524,Solomon Hill,,DNP - Coach's Decision                  ,,,0.0,,0.0,,0.0,,,,0.0,0.0,0.0,,,,0.0,0.0,,,,0,
13,0021900007,1610612748,MIA,Miami,1626159,Justise Winslow,F,,36:58,99.8,95.6,72.4,73.6,27.3,22.0,0.368,2.33,20.0,0.056,0.116,0.089,8.6,0.5,0.541,0.283,0.297,113.33,114.91,95.76,90,0.251
14,0021900007,1610612748,MIA,Miami,1628389,Bam Adebayo,F,,24:03,115.6,118.2,91.9,98.2,23.7,20.0,0.158,0.6,15.0,0.167,0.28,0.224,25.0,0.429,0.614,0.274,0.273,115.84,110.77,92.31,55,0.155
15,0021900007,1610612748,MIA,Miami,203086,Meyers Leonard,C,,18:41,92.4,95.2,102.9,107.0,-10.4,-11.7,0.0,0.0,0.0,0.0,0.188,0.086,0.0,0.0,0.0,0.044,0.044,113.04,109.19,90.99,42,-0.032
16,0021900007,1610612748,MIA,Miami,1629639,Tyler Herro,G,,33:54,108.4,109.0,90.4,93.8,18.0,15.2,0.045,1.0,6.3,0.0,0.195,0.108,6.3,0.464,0.485,0.174,0.176,114.29,111.86,93.22,78,0.123
17,0021900007,1610612748,MIA,Miami,1629134,Kendrick Nunn,G,,26:31,120.4,119.4,75.4,74.6,45.0,44.8,0.167,3.0,13.0,0.0,0.057,0.033,4.3,0.583,0.621,0.286,0.292,112.09,113.14,94.28,62,0.184
18,0021900007,1610612748,MIA,Miami,201609,Goran Dragic,,,25:07,97.8,95.1,94.2,95.1,3.6,0.0,0.273,0.75,14.3,0.0,0.107,0.057,19.0,0.556,0.709,0.273,0.28,115.54,116.58,97.15,61,0.252
19,0021900007,1610612748,MIA,Miami,1627884,Derrick Jones Jr.,,,15:54,105.6,102.5,93.7,92.5,11.8,10.0,0.0,0.0,0.0,0.067,0.0,0.03,25.0,0.667,0.667,0.095,0.098,118.27,120.81,100.67,40,-0.046
20,0021900007,1610612748,MIA,Miami,203482,Kelly Olynyk,,,22:13,115.4,111.1,72.1,72.2,43.3,38.9,0.0,0.0,0.0,0.042,0.259,0.157,28.6,0.5,0.735,0.111,0.115,114.64,116.71,97.26,54,0.156
21,0021900007,1610612748,MIA,Miami,1629130,Duncan Robinson,,,22:56,105.1,100.0,102.2,103.4,2.9,-3.4,0.059,1.0,14.3,0.0,0.043,0.021,14.3,0.3,0.3,0.095,0.1,118.21,120.35,100.29,57,-0.026
22,0021900007,1610612748,MIA,Miami,1629735,Chris Silva,,,11:24,127.1,121.4,53.6,53.3,73.4,68.1,0.0,0.0,0.0,0.375,0.15,0.214,33.3,1.0,1.031,0.194,0.202,119.18,122.12,101.77,28,0.219
23,0021900007,1610612748,MIA,Miami,1629644,KZ Okpala,,,1:10,0.0,0.0,200.0,133.3,-200.0,-133.3,0.0,0.0,0.0,0.0,0.5,0.333,100.0,0.0,0.0,0.333,0.5,82.29,123.43,102.86,3,0.0
24,0021900007,1610612748,MIA,Miami,1629133,Daryl Macon,,,1:10,0.0,0.0,200.0,133.3,-200.0,-133.3,0.0,0.0,0.0,0.0,0.0,0.0,0.0,0.0,0.0,0.0,0.0,82.29,123.43,102.86,3,0.0
25,0021900007,1610612748,MIA,Miami,202710,Jimmy Butler,,NWT_NOT_WITH_TEAM                       ,,,0.0,,0.0,,0.0,,,,0.0,0.0,0.0,,,,0.0,0.0,,,,0,
0,0021900011,1610612760,OKC,Oklahoma City,1628390,Terrance Ferguson,F,,23:51,81.0,83.3,104.8,102.1,-23.8,-18.7,0.067,1.0,33.3,0.036,0.043,0.039,33.3,0.0,1.136,0.036,0.037,96.76,96.6,80.5,48,0.023
1,0021900011,1610612760,OKC,Oklahoma City,201568,Danilo Gallinari,F,,28:20,115.6,116.9,111.7,108.8,3.9,8.2,0.133,2.0,11.1,0.0,0.241,0.123,5.6,0.615,0.691,0.25,0.251,97.6,98.28,81.9,59,0.224
2,0021900011,1610612760,OKC,Oklahoma City,203500,Steven Adams,C,,27:42,96.1,98.2,101.3,100.0,-5.2,-1.8,0.111,1.0,13.3,0.103,0.276,0.19,13.3,0.125,0.141,0.206,0.209,97.49,97.04,80.87,56,-0.037
3,0021900011,1610612760,OKC,Oklahoma City,1628983,Shai Gilgeous-Alexander,G,,36:46,96.8,97.4,115.8,111.5,-18.9,-14.1,0.067,1.0,3.6,0.0,0.051,0.025,3.6,0.5,0.507,0.325,0.332,99.61,101.18,84.32,77,0.094
4,0021900011,1610612760,OKC,Oklahoma City,101108,Chris Paul,G,,30:07,93.4,95.4,95.5,89.2,-2.1,6.2,0.231,3.0,14.3,0.029,0.194,0.114,4.8,0.6,0.656,0.243,0.249,101.27,103.6,86.33,65,0.266
5,0021900011,1610612760,OKC,Oklahoma City,203471,Dennis Schroder,,,30:40,87.0,91.0,97.7,94.1,-10.7,-3.1,0.211,2.0,28.6,0.027,0.132,0.08,14.3,0.188,0.188,0.133,0.135,106.12,105.65,88.04,67,0.02
6,0021900011,1610612760,OKC,Oklahoma City,203457,Nerlens Noel,,,4:42,36.4,40.0,90.0,90.0,-53.6,-50.0,0.0,0.0,0.0,0.0,0.286,0.143,0.0,1.0,1.0,0.091,0.091,107.27,102.16,85.14,10,0.409
7,0021900011,1610612760,OKC,Oklahoma City,1629647,Darius Bazley,,,19:15,57.8,61.9,79.0,76.2,-21.1,-14.3,0.0,0.0,0.0,0.0,0.12,0.058,25.0,0.0,0.0,0.082,0.083,106.57,104.73,87.27,42,-0.098
8,0021900011,1610612760,OKC,Oklahoma City,1628977,Hamidou Diallo,,,23:01,86.1,88.7,94.0,87.3,-8.0,1.4,0.0,0.0,0.0,0.033,0.077,0.054,25.0,0.625,0.615,0.203,0.208,110.12,112.58,93.82,53,0.08
9,0021900011,1610612760,OKC,Oklahoma City,203488,Mike Muscala,,,15:36,96.3,100.0,104.4,97.2,-8.2,2.8,0.182,2.0,22.2,0.0,0.222,0.105,11.1,0.0,0.347,0.175,0.178,109.1,110.76,92.3,36,0.08
10,0021900011,1610612760,OKC,Oklahoma City,1629126,Deonte Burton,,DNP - Coach's Decision                  ,,,0.0,,0.0,,0.0,,,,0.0,0.0,0.0,,,,0.0,0.0,,,,0,
11,0021900011,1610612760,OKC,Oklahoma City,1627846,Abdel Nader,,DNP - Coach's Decision                  ,,,0.0,,0.0,,0.0,,,,0.0,0.0,0.0,,,,0.0,0.0,,,,0,
12,0021900011,1610612760,OKC,Oklahoma City,1628383,Justin Patton,,DNP - Coach's Decision                  ,,,0.0,,0.0,,0.0,,,,0.0,0.0,0.0,,,,0.0,0.0,,,,0,
13,0021900011,1610612762,UTA,Utah,202711,Bojan Bogdanovic,F,,23:54,96.8,92.0,90.1,91.7,6.7,0.3,0.0,0.0,0.0,0.0,0.12,0.06,0.0,0.464,0.522,0.283,0.297,96.74,98.39,81.99,50,0.172
14,0021900011,1610612762,UTA,Utah,1626220,Royce O'Neale,F,,30:07,95.4,89.4,90.4,93.8,5.0,-4.5,0.0,0.0,0.0,0.0,0.152,0.071,14.3,1.167,1.167,0.093,0.099,103.07,104.41,87.01,66,0.197
15,0021900011,1610612762,UTA,Utah,203497,Rudy Gobert,C,,37:55,113.7,112.7,93.3,93.8,20.4,18.8,0.0,0.0,0.0,0.079,0.25,0.171,36.4,0.5,0.478,0.126,0.127,101.1,101.27,84.4,79,0.049
16,0021900011,1610612762,UTA,Utah,1628378,Donovan Mitchell,G,,36:24,114.4,113.3,98.1,98.7,16.3,14.6,0.136,3.0,10.7,0.135,0.175,0.156,3.6,0.659,0.673,0.301,0.304,100.04,100.22,83.52,75,0.268
17,0021900011,1610612762,UTA,Utah,201144,Mike Conley,G,,26:43,97.0,91.1,87.2,87.7,9.8,3.4,0.294,2.5,20.0,0.0,0.0,0.0,8.0,0.063,0.141,0.308,0.325,98.78,101.51,84.59,56,-0.22
18,0021900011,1610612762,UTA,Utah,204060,Joe Ingles,,,32:39,104.9,101.4,88.5,90.3,16.4,11.1,0.038,1.0,10.0,0.0,0.098,0.051,10.0,0.438,0.438,0.111,0.115,105.14,105.85,88.21,72,0.045
19,0021900011,1610612762,UTA,Utah,1626144,Emmanuel Mudiay,,,22:59,103.9,102.0,91.9,94.0,12.0,8.0,0.313,0.0,31.3,0.0,0.071,0.041,0.0,0.545,0.545,0.212,0.215,104.67,104.42,87.02,50,0.169
20,0021900011,1610612762,UTA,Utah,201145,Jeff Green,,,16:34,87.6,83.8,85.4,87.5,2.1,-3.7,0.091,1.0,12.5,0.0,0.083,0.045,12.5,0.375,0.434,0.171,0.178,110.62,111.55,92.96,37,0.011
21,0021900011,1610612762,UTA,Utah,202334,Ed Davis,,,10:05,53.6,50.0,78.5,82.6,-24.9,-32.6,0.0,0.0,0.0,0.188,0.25,0.214,20.0,0.0,0.258,0.2,0.213,106.44,107.11,89.26,22,-0.214
22,0021900011,1610612762,UTA,Utah,1627777,Georges Niang,,,2:40,82.0,80.0,34.0,33.3,48.0,46.7,0.0,0.0,0.0,0.0,0.25,0.143,0.0,0.0,0.0,0.0,0.0,96.84,99.0,82.5,5,1.0
23,0021900011,1610612762,UTA,Utah,1628396,Tony Bradley,,DNP - Coach's Decision                  ,,,0.0,,0.0,,0.0,,,,0.0,0.0,0.0,,,,0.0,0.0,,,,0,
24,0021900011,1610612762,UTA,Utah,1629742,Stanton Kidd,,DNP - Coach's Decision                  ,,,0.0,,0.0,,0.0,,,,0.0,0.0,0.0,,,,0.0,0.0,,,,0,
25,0021900011,1610612762,UTA,Utah,1628430,Nigel Williams-Goss,,DNP - Coach's Decision                  ,,,0.0,,0.0,,0.0,,,,0.0,0.0,0.0,,,,0.0,0.0,,,,0,
0,0021900013,1610612743,DEN,Denver,203115,Will Barton,F,,31:27,98.8,97.1,91.5,92.9,7.3,4.2,0.118,2.0,11.8,0.029,0.111,0.07,5.9,0.5,0.715,0.195,0.201,105.96,106.08,88.4,69,0.22
1,0021900013,1610612743,DEN,Denver,200794,Paul Millsap,F,,31:46,97.4,95.7,89.6,91.3,7.7,4.4,0.118,1.0,15.4,0.0,0.135,0.071,15.4,0.563,0.619,0.143,0.147,105.08,105.02,87.51,70,0.128
2,0021900013,1610612743,DEN,Denver,203999,Nikola Jokic,C,,23:54,101.2,100.0,75.9,79.2,25.3,20.8,0.222,0.5,9.5,0.154,0.321,0.241,19.0,0.679,0.672,0.328,0.337,101.91,100.43,83.69,52,0.308
3,0021900013,1610612743,DEN,Denver,203914,Gary Harris,G,,35:14,105.2,102.6,93.0,96.1,12.2,6.5,0.0,0.0,0.0,0.0,0.077,0.04,31.3,0.318,0.35,0.188,0.195,105.39,104.9,87.42,77,-0.045
4,0021900013,1610612743,DEN,Denver,1627750,Jamal Murray,G,,33:47,109.2,106.7,94.1,94.7,15.2,12.0,0.3,3.0,25.0,0.026,0.121,0.07,8.3,0.393,0.444,0.212,0.219,105.67,106.58,88.82,75,0.101
5,0021900013,1610612743,DEN,Denver,203486,Mason Plumlee,,,19:28,103.1,102.4,118.6,119.0,-15.5,-16.6,0.455,0.0,50.0,0.13,0.056,0.098,0.0,0.5,0.512,0.106,0.107,102.18,102.33,85.27,41,0.113
6,0021900013,1610612743,DEN,Denver,1627736,Malik Beasley,,,13:22,117.0,117.9,107.4,103.7,9.7,14.2,0.1,0.5,11.1,0.0,0.091,0.04,22.2,0.5,0.5,0.25,0.248,97.44,98.73,82.27,28,0.02
7,0021900013,1610612743,DEN,Denver,203924,Jerami Grant,,,20:49,128.4,122.2,104.8,104.4,23.6,17.8,0.067,1.0,14.3,0.056,0.053,0.054,14.3,1.0,0.922,0.12,0.125,101.08,103.75,86.46,45,0.087
8,0021900013,1610612743,DEN,Denver,1628470,Torrey Craig,,,16:02,113.4,112.1,104.8,102.9,8.6,9.2,0.222,2.0,22.2,0.067,0.294,0.188,11.1,0.833,0.833,0.189,0.191,98.81,100.25,83.54,33,0.2
9,0021900013,1610612743,DEN,Denver,1628420,Monte Morris,,,14:11,97.8,96.6,104.9,107.4,-7.2,-10.9,0.375,3.0,27.3,0.0,0.059,0.034,9.1,0.333,0.436,0.258,0.261,95.23,94.76,78.97,29,0.112
10,0021900013,1610612743,DEN,Denver,1628408,PJ Dozier,,DNP - Coach's Decision                  ,,,0.0,,0.0,,0.0,,,,0.0,0.0,0.0,,,,0.0,0.0,,,,0,
11,0021900013,1610612743,DEN,Denver,1627823,Juancho Hernangomez,,DNP - Coach's Decision                  ,,,0.0,,0.0,,0.0,,,,0.0,0.0,0.0,,,,0.0,0.0,,,,0,
12,0021900013,1610612743,DEN,Denver,1629008,Michael Porter Jr.,,DNP - Coach's Decision                  ,,,0.0,,0.0,,0.0,,,,0.0,0.0,0.0,,,,0.0,0.0,,,,0,
13,0021900013,1610612757,POR,Portland,203918,Rodney Hood,F,,31:10,97.7,100.0,98.2,95.7,-0.4,4.3,0.05,0.5,7.7,0.029,0.121,0.075,15.4,0.6,0.623,0.152,0.155,106.14,106.26,88.55,69,0.073
14,0021900013,1610612757,POR,Portland,1628380,Zach Collins,F,,30:30,95.2,98.4,91.3,92.3,3.9,6.1,0.0,0.0,0.0,0.03,0.114,0.074,18.2,0.444,0.444,0.149,0.148,102.99,100.73,83.94,63,0.041
15,0021900013,1610612757,POR,Portland,202355,Hassan Whiteside,C,,26:03,93.2,94.6,98.2,96.4,-5.0,-1.7,0.0,0.0,0.0,0.179,0.5,0.339,30.8,0.857,0.913,0.2,0.2,102.11,102.29,85.24,56,0.275
16,0021900013,1610612757,POR,Portland,203468,CJ McCollum,G,,35:50,89.6,91.0,106.4,105.2,-16.9,-14.2,0.136,0.6,11.5,0.05,0.026,0.038,19.2,0.333,0.333,0.247,0.252,104.06,103.79,86.5,78,-0.03
17,0021900013,1610612757,POR,Portland,203081,Damian Lillard,G,,37:49,96.2,98.8,99.7,98.8,-3.6,0.0,0.444,2.67,22.2,0.026,0.068,0.048,8.3,0.548,0.63,0.298,0.3,105.02,104.08,86.73,82,0.224
18,0021900013,1610612757,POR,Portland,201229,Anthony Tolliver,,,13:06,90.1,87.1,127.3,116.1,-37.2,-29.0,0.0,0.0,0.0,0.0,0.0,0.0,50.0,0.0,0.0,0.059,0.063,106.69,113.57,94.64,31,-0.058
19,0021900013,1610612757,POR,Portland,203145,Kent Bazemore,,,24:32,95.2,92.9,116.6,110.5,-21.3,-17.7,0.0,0.0,0.0,0.038,0.042,0.04,0.0,0.143,0.254,0.127,0.132,106.28,110.54,92.12,56,0.03
20,0021900013,1610612757,POR,Portland,1627746,Skal Labissiere,,,10:44,111.4,109.5,119.5,118.2,-8.1,-8.7,0.2,0.5,12.5,0.222,0.333,0.286,25.0,0.75,0.82,0.292,0.296,94.81,96.15,80.12,21,0.253
21,0021900013,1610612757,POR,Portland,1626209,Mario Hezonja,,,18:00,107.2,108.8,120.5,118.9,-13.3,-10.1,0.0,0.0,0.0,0.0,0.286,0.121,0.0,0.0,0.258,0.1,0.101,94.72,94.67,78.89,34,0.015
22,0021900013,1610612757,POR,Portland,1629014,Anfernee Simons,,,12:16,101.0,100.0,122.3,120.0,-21.4,-20.0,0.0,0.0,0.0,0.0,0.0,0.0,11.1,0.286,0.317,0.31,0.313,96.43,97.84,81.53,25,-0.044
23,0021900013,1610612757,POR,Portland,1629642,Nassir Little,,DNP - Coach's Decision                  ,,,0.0,,0.0,,0.0,,,,0.0,0.0,0.0,,,,0.0,0.0,,,,0,
24,0021900013,1610612757,POR,Portland,1629018,Gary Trent Jr.,,DNP - Coach's Decision                  ,,,0.0,,0.0,,0.0,,,,0.0,0.0,0.0,,,,0.0,0.0,,,,0,
