,GAME_ID,TEAM_ID,TEAM_ABBREVIATION,TEAM_CITY,PLAYER_ID,PLAYER_NAME,START_POSITION,COMMENT,MIN,SPD,DIST,ORBC,DRBC,RBC,TCHS,SAST,FTAST,PASS,AST,CFGM,CFGA,CFG_PCT,UFGM,UFGA,UFG_PCT,FG_PCT,DFGM,DFGA,DFG_PCT
0,0021900002,1610612747,LAL,Los Angeles,203076,Anthony Davis,F,,37:21,3.69,2.47,8,10,18,78,0,0,48,5,5,11,0.455,3,10,0.3,0.381,2,5,0.4
1,0021900002,1610612747,LAL,Los Angeles,2544,LeBron James,F,,36:00,3.82,2.46,3,10,12,111,0,0,76,8,4,8,0.5,3,11,0.273,0.368,0,1,0.0
2,0021900002,1610612747,LAL,Los Angeles,201580,JaVale McGee,C,,17:21,3.97,1.23,2,5,7,19,0,0,15,0,2,3,0.667,0,0,0.0,0.667,4,6,0.667
3,0021900002,1610612747,LAL,Los Angeles,201980,Danny Green,G,,32:19,4.58,2.66,3,8,9,60,0,1,42,0,3,4,0.75,7,10,0.7,0.714,4,5,0.8
4,0021900002,1610612747,LAL,Los Angeles,202340,Avery Bradley,G,,24:02,4.2,1.82,0,3,3,28,0,0,19,0,1,3,0.333,2,4,0.5,0.429,0,0,0.0
5,0021900002,1610612747,LAL,Los Angeles,203484,Kentavious Caldwell-Pope,,,27:24,3.98,1.95,1,3,4,35,0,0,31,3,0,0,0.0,0,3,0.0,0.0,0,0,0.0
6,0021900002,1610612747,LAL,Los Angeles,2730,Dwight Howard,,,19:02,3.89,1.31,6,8,14,28,1,0,25,1,1,3,0.333,0,0,0.0,0.333,2,3,0.667
7,0021900002,1610612747,LAL,Los Angeles,203584,Troy Daniels,,,16:14,4.2,1.21,0,0,0,16,1,0,9,1,1,1,1.0,1,5,0.2,0.333,0,1,0.0
8,0021900002,1610612747,LAL,Los Angeles,1626188,Quinn Cook,,,16:56,0.0,0.0,0,0,0,0,0,0,0,2,1,3,0.333,-1,-3,0.333,0.286,0,0,0.0
9,0021900002,1610612747,LAL,Los Angeles,201162,Jared Dudley,,,13:21,4.22,0.98,0,0,0,15,1,0,13,0,0,0,0.0,2,2,1.0,1.0,2,2,1.0
10,0021900002,1610612747,LAL,Los Angeles,1628961,Kostas Antetokounmpo,,DNP - Coach's Decision                  ,0:00,0.0,0.0,0,0,0,0,0,0,0,0,0,0,0.0,0,0,0.0,0.0,0,0,0.0
11,0021900002,1610612747,LAL,Los Angeles,1627936,Alex Caruso,,DNP - Coach's Decision                  ,0:00,0.0,0.0,0,0,0,0,0,0,0,0,0,0,0.0,0,0,0.0,0.0,0,0,0.0
12,0021900002,1610612747,LAL,Los Angeles,1629668,Zach Norvell Jr.,,DNP - Coach's Decision                  ,0:00,0.0,0.0,0,0,0,0,0,0,0,0,0,0,0.0,0,0,0.0,0.0,0,0,0.0
13,0021900002,1610612746,LAC,LA,202695,Kawhi Leonard,F,,31:33,4.3,2.43,2,8,10,63,1,0,33,5,2,4,0.5,8,15,0.533,0.526,3,5,0.6
14,0021900002,1610612746,LAC,LA,202335,Patrick Patterson,F,,17:29,3.74,1.17,1,3,4,21,0,0,16,0,0,0,0.0,1,3,0.333,0.333,1,1,1.0
15,0021900002,1610612746,LAC,LA,1627826,Ivica Zubac,C,,9:38,3.8,0.66,1,1,2,17,0,0,12,0,3,3,1.0,1,1,1.0,1.0,1,3,0.333
16,0021900002,1610612746,LAC,LA,1629013,Landry Shamet,G,,26:27,4.72,2.24,0,5,5,35,0,0,27,2,1,3,0.333,2,5,0.4,0.375,1,1,1.0
17,0021900002,1610612746,LAC,LA,201976,Patrick Beverley,G,,31:21,4.24,2.37,4,11,13,62,2,0,51,6,1,2,0.5,0,5,0.0,0.143,1,2,0.5
18,0021900002,1610612746,LAC,LA,1626149,Montrezl Harrell,,,38:22,3.7,2.54,4,12,16,62,0,0,43,4,4,6,0.667,3,5,0.6,0.636,2,5,0.4
19,0021900002,1610612746,LAC,LA,101150,Lou Williams,,,36:43,3.76,2.46,1,5,6,89,0,2,62,7,1,2,0.5,7,12,0.583,0.571,0,1,0.0
20,0021900002,1610612746,LAC,LA,203210,JaMychal Green,,,19:17,3.98,1.36,2,8,9,28,0,0,18,0,0,0,0.0,4,8,0.5,0.5,4,5,0.8
21,0021900002,1610612746,LAC,LA,203090,Maurice Harkless,,,29:10,4.15,2.16,2,8,10,24,0,0,17,0,1,3,0.333,3,4,0.75,0.571,1,2,0.5
22,0021900002,1610612746,LAC,LA,1629662,Mfiondu Kabengele,,DNP - Coach's Decision                  ,0:00,0.0,0.0,0,0,0,0,0,0,0,0,0,0,0.0,0,0,0.0,0.0,0,0,0.0
23,0021900002,1610612746,LAC,LA,1629611,Terance Mann,,DNP - Coach's Decision                  ,0:00,0.0,0.0,0,0,0,0,0,0,0,0,0,0,0.0,0,0,0.0,0.0,0,0,0.0
24,0021900002,1610612746,LAC,LA,1628405,Johnathan Motley,,DNP - Coach's Decision                  ,0:00,0.0,0.0,0,0,0,0,0,0,0,0,0,0,0.0,0,0,0.0,0.0,0,0,0.0
25,0021900002,1610612746,LAC,LA,1629010,Jerome Robinson,,DNP - Coach's Decision                  ,0:00,0.0,0.0,0,0,0,0,0,0,0,0,0,0,0.0,0,0,0.0,0.0,0,0,0.0
0,0021900001,1610612740,NOP,New Orleans,201950,Jrue Holiday,F,,41:05,4.32,3.23,2,5,7,101,2,2,77,6,5,9,0.556,1,6,0.167,0.4,0,2,0.0
1,0021900001,1610612740,NOP,New Orleans,1627742,Brandon Ingram,F,,35:06,4.33,2.78,1,9,9,69,2,0,46,5,5,9,0.556,3,10,0.3,0.421,4,8,0.5
2,0021900001,1610612740,NOP,New Orleans,202324,Derrick Favors,C,,20:45,4.6,1.75,4,8,10,43,0,0,35,2,3,3,1.0,0,3,0.0,0.5,7,8,0.875
3,0021900001,1610612740,NOP,New Orleans,200755,JJ Redick,G,,27:02,4.64,2.29,0,4,4,30,0,0,17,1,1,2,0.5,5,7,0.714,0.667,1,3,0.333
4,0021900001,1610612740,NOP,New Orleans,1628366,Lonzo Ball,G,,24:50,4.44,2.0,0,9,9,52,1,0,42,5,0,2,0.0,2,5,0.4,0.286,3,4,0.75
5,0021900001,1610612740,NOP,New Orleans,1628404,Josh Hart,,,28:10,4.31,2.22,5,8,13,42,0,0,27,1,2,5,0.4,2,4,0.5,0.444,2,4,0.5
6,0021900001,1610612740,NOP,New Orleans,1626143,Jahlil Okafor,,,12:29,4.26,0.98,5,1,6,28,2,0,21,0,3,3,1.0,0,0,0.0,1.0,3,5,0.6
7,0021900001,1610612740,NOP,New Orleans,202734,E'Twaun Moore,,,12:06,0.0,0.0,0,0,0,0,0,0,0,2,0,2,0.0,0,-2,0.0,0.286,0,0,0.0
8,0021900001,1610612740,NOP,New Orleans,1629638,Nickeil Alexander-Walker,,,11:55,4.7,1.01,2,6,8,40,0,0,28,2,0,2,0.0,1,8,0.125,0.1,1,1,1.0
9,0021900001,1610612740,NOP,New Orleans,1629026,Kenrich Williams,,,18:03,4.41,1.43,10,5,15,36,0,0,30,3,0,2,0.0,0,2,0.0,0.0,0,4,0.0
10,0021900001,1610612740,NOP,New Orleans,1629740,Nicolo Melli,,,19:37,4.22,1.49,2,5,7,43,0,0,34,2,0,1,0.0,5,6,0.833,0.714,1,3,0.333
11,0021900001,1610612740,NOP,New Orleans,1628402,Frank Jackson,,,13:52,4.19,1.06,0,0,0,18,1,0,10,1,1,2,0.5,2,4,0.5,0.5,0,0,0.0
12,0021900001,1610612740,NOP,New Orleans,1629637,Jaxson Hayes,,DNP - Coach's Decision                  ,0:00,0.0,0.0,0,0,0,0,0,0,0,0,0,0,0.0,0,0,0.0,0.0,0,0,0.0
13,0021900001,1610612761,TOR,Toronto,1628384,OG Anunoby,F,,35:49,4.29,2.78,5,8,12,42,0,0,29,0,3,7,0.429,2,5,0.4,0.417,2,4,0.5
14,0021900001,1610612761,TOR,Toronto,1627783,Pascal Siakam,F,,38:08,4.51,3.14,10,14,24,97,0,0,58,5,7,18,0.389,4,8,0.5,0.423,4,7,0.571
15,0021900001,1610612761,TOR,Toronto,201188,Marc Gasol,C,,31:55,3.78,2.19,1,6,7,70,0,0,58,1,1,4,0.25,1,5,0.2,0.222,4,4,1.0
16,0021900001,1610612761,TOR,Toronto,200768,Kyle Lowry,G,,44:60,3.92,3.22,3,7,10,118,2,0,87,6,0,4,0.0,4,11,0.364,0.267,0,3,0.0
17,0021900001,1610612761,TOR,Toronto,1627832,Fred VanVleet,G,,44:20,4.17,3.36,3,9,12,95,0,2,70,7,7,9,0.778,5,9,0.556,0.667,0,1,0.0
18,0021900001,1610612761,TOR,Toronto,201586,Serge Ibaka,,,25:60,4.1,1.93,9,7,16,37,0,0,24,0,4,5,0.8,0,5,0.0,0.4,3,5,0.6
19,0021900001,1610612761,TOR,Toronto,1626181,Norman Powell,,,28:39,4.2,2.18,1,10,11,44,1,0,31,2,2,3,0.667,0,4,0.0,0.286,1,1,1.0
20,0021900001,1610612761,TOR,Toronto,1629056,Terence Davis,,,15:10,4.57,1.27,3,4,7,24,0,0,18,2,1,2,0.5,1,4,0.25,0.333,0,1,0.0
21,0021900001,1610612761,TOR,Toronto,1628449,Chris Boucher,,DNP - Coach's Decision                  ,0:00,0.0,0.0,0,0,0,0,0,0,0,0,0,0,0.0,0,0,0.0,0.0,0,0,0.0
22,0021900001,1610612761,TOR,Toronto,1629608,Dewan Hernandez,,DNP - Coach's Decision                  ,0:00,0.0,0.0,0,0,0,0,0,0,0,0,0,0,0.0,0,0,0.0,0.0,0,0,0.0
23,0021900001,1610612761,TOR,Toronto,1626169,Stanley Johnson,,DNP - Coach's Decision                  ,0:00,0.0,0.0,0,0,0,0,0,0,0,0,0,0,0.0,0,0,0.0,0.0,0,0,0.0
24,0021900001,1610612761,TOR,Toronto,1626259,Malcolm Miller,,DNP - Coach's Decision                  ,0:00,0.0,0.0,0,0,0,0,0,0,0,0,0,0,0.0,0,0,0.0,0.0,0,0,0.0
25,0021900001,1610612761,TOR,Toronto,1629744,Matt Thomas,,DNP - Coach's Decision                  ,0:00,0.0,0.0,0,0,0,0,0,0,0,0,0,0,0.0,0,0,0.0,0.0,0,0,0.0
0,0021900008,1610612738,BOS,Boston,202330,Gordon Hayward,F,,35:11,4.43,2.78,3,6,7,60,0,0,38,2,5,9,0.556,3,6,0.5,0.533,3,4,0.75
1,0021900008,1610612738,BOS,Boston,1628369,Jayson Tatum,F,,37:13,4.21,2.82,2,14,15,73,1,0,45,2,3,11,0.273,5,11,0.455,0.364,4,5,0.8
2,0021900008,1610612738,BOS,Boston,202683,Enes Kanter,C,,24:58,3.96,1.79,7,5,12,27,0,0,16,2,4,6,0.667,1,2,0.5,0.625,3,4,0.75
3,0021900008,1610612738,BOS,Boston,1627759,Jaylen Brown,G,,20:52,4.28,1.58,4,11,14,31,0,0,23,0,1,4,0.25,2,2,1.0,0.5,1,3,0.333
4,0021900008,1610612738,BOS,Boston,202689,Kemba Walker,G,,34:15,4.29,2.66,4,2,6,70,0,1,42,2,2,11,0.182,2,7,0.286,0.222,2,2,1.0
5,0021900008,1610612738,BOS,Boston,203935,Marcus Smart,,,33:01,4.09,2.43,3,7,10,56,0,2,46,8,1,2,0.5,1,5,0.2,0.286,3,4,0.75
6,0021900008,1610612738,BOS,Boston,1628464,Daniel Theis,,,9:52,4.58,0.79,3,1,4,11,0,0,8,0,0,0,0.0,0,1,0.0,0.0,2,2,1.0
7,0021900008,1610612738,BOS,Boston,1628400,Semi Ojeleye,,,9:45,4.41,0.79,0,1,1,15,0,0,14,0,0,0,0.0,0,1,0.0,0.0,1,2,0.5
8,0021900008,1610612738,BOS,Boston,1629035,Carsen Edwards,,,11:25,0.0,0.0,0,0,0,0,0,0,0,0,0,2,0.0,0,-2,0.0,0.2,0,0,0.0
9,0021900008,1610612738,BOS,Boston,1629684,Grant Williams,,,7:12,4.71,0.6,0,2,2,8,0,0,7,0,0,1,0.0,0,0,0.0,0.0,1,1,1.0
10,0021900008,1610612738,BOS,Boston,202954,Brad Wanamaker,,,5:30,0.0,0.0,0,0,0,0,0,0,0,1,0,1,0.0,0,-1,0.0,0.0,0,0,0.0
11,0021900008,1610612738,BOS,Boston,1629057,Robert Williams III,,,10:46,4.25,0.83,2,4,6,10,0,0,6,1,1,3,0.333,1,1,1.0,0.5,2,2,1.0
12,0021900008,1610612738,BOS,Boston,1629738,Vincent Poirier,,DNP - Coach's Decision                  ,0:00,0.0,0.0,0,0,0,0,0,0,0,0,0,0,0.0,0,0,0.0,0.0,0,0,0.0
13,0021900008,1610612755,PHI,Philadelphia,202699,Tobias Harris,F,,37:37,4.34,2.92,5,16,18,62,0,0,46,4,2,4,0.5,4,7,0.571,0.545,1,1,1.0
14,0021900008,1610612755,PHI,Philadelphia,201143,Al Horford,F,,31:11,4.16,2.33,3,6,9,53,0,0,37,3,4,6,0.667,1,7,0.143,0.385,4,10,0.4
15,0021900008,1610612755,PHI,Philadelphia,203954,Joel Embiid,C,,23:15,3.71,1.56,7,14,19,58,1,1,39,3,4,6,0.667,1,8,0.125,0.357,5,8,0.625
16,0021900008,1610612755,PHI,Philadelphia,1626196,Josh Richardson,G,,33:06,4.29,2.56,3,6,9,59,1,0,37,2,2,6,0.333,2,6,0.333,0.333,1,2,0.5
17,0021900008,1610612755,PHI,Philadelphia,1627732,Ben Simmons,G,,34:59,4.12,2.58,5,8,12,89,0,0,61,9,8,10,0.8,3,6,0.5,0.688,1,2,0.5
18,0021900008,1610612755,PHI,Philadelphia,203516,James Ennis III,,,16:57,4.68,1.44,2,6,8,22,0,0,15,0,0,0,0.0,0,3,0.0,0.0,2,2,1.0
19,0021900008,1610612755,PHI,Philadelphia,1629680,Matisse Thybulle,,,21:41,4.7,1.82,1,2,3,20,0,0,13,1,1,2,0.5,0,3,0.0,0.2,1,2,0.5
20,0021900008,1610612755,PHI,Philadelphia,1627788,Furkan Korkmaz,,,19:02,4.57,1.56,1,5,6,13,0,0,11,0,0,0,0.0,1,2,0.5,0.5,1,3,0.333
21,0021900008,1610612755,PHI,Philadelphia,203118,Mike Scott,,,16:17,4.57,1.33,5,9,13,22,0,0,13,1,1,2,0.5,1,5,0.2,0.286,0,0,0.0
22,0021900008,1610612755,PHI,Philadelphia,203124,Kyle O'Quinn,,,3:43,4.02,0.27,0,2,2,10,0,0,8,0,1,1,1.0,1,1,1.0,1.0,0,0,0.0
23,0021900008,1610612755,PHI,Philadelphia,1629003,Shake Milton,,,1:06,0.0,0.0,0,0,0,0,0,0,0,1,0,0,0.0,0,0,0.0,0.0,0,0,0.0
24,0021900008,1610612755,PHI,Philadelphia,203526,Raul Neto,,,1:06,0.0,0.0,0,0,0,0,0,0,0,0,0,0,0.0,0,0,0.0,0.0,0,0,0.0
25,0021900008,1610612755,PHI,Philadelphia,203504,Trey Burke,,DNP - Coach's Decision                  ,0:00,0.0,0.0,0,0,0,0,0,0,0,0,0,0,0.0,0,0,0.0,0.0,0,0,0.0
0,0021900010,1610612752,NYK,New York,203944,Julius Randle,F,,35:24,3.95,2.46,3,13,15,65,1,0,44,6,3,6,0.5,7,12,0.583,0.556,3,3,1.0
1,0021900010,1610612752,NYK,New York,202694,Marcus Morris Sr.,F,,39:15,4.2,2.93,1,10,11,72,2,0,49,1,3,7,0.429,6,11,0.545,0.5,4,4,1.0
2,0021900010,1610612752,NYK,New York,1626171,Bobby Portis,C,,33:05,4.26,2.49,5,5,7,64,0,0,51,5,4,6,0.667,0,4,0.0,0.4,2,2,1.0
3,0021900010,1610612752,NYK,New York,1629019,Allonzo Trier,G,,6:51,4.98,0.6,0,0,0,9,0,0,5,0,0,2,0.0,0,1,0.0,0.0,1,1,1.0
4,0021900010,1610612752,NYK,New York,1629628,RJ Barrett,G,,37:07,4.53,2.99,0,7,7,51,0,0,30,2,5,6,0.833,4,7,0.571,0.692,3,4,0.75
5,0021900010,1610612752,NYK,New York,1628372,Dennis Smith Jr.,,,10:20,4.45,0.81,0,0,0,22,0,0,16,1,1,3,0.333,0,1,0.0,0.25,2,2,1.0
6,0021900010,1610612752,NYK,New York,201959,Taj Gibson,,,14:55,4.3,1.14,4,6,10,27,0,0,20,0,1,4,0.25,0,1,0.0,0.2,3,5,0.6
7,0021900010,1610612752,NYK,New York,1628995,Kevin Knox II,,,21:10,4.62,1.74,1,7,8,23,1,0,12,0,2,4,0.5,3,5,0.6,0.556,4,4,1.0
8,0021900010,1610612752,NYK,New York,201961,Wayne Ellington,,,12:56,4.55,1.04,0,2,2,13,0,0,7,1,0,0,0.0,1,4,0.25,0.25,0,0,0.0
9,0021900010,1610612752,NYK,New York,203901,Elfrid Payton,,,26:03,4.69,2.16,1,4,5,60,0,1,46,8,1,4,0.25,3,5,0.6,0.444,0,0,0.0
10,0021900010,1610612752,NYK,New York,1628373,Frank Ntilikina,,,2:54,5.03,0.27,0,0,0,10,0,0,7,0,0,1,0.0,0,0,0.0,0.0,1,1,1.0
11,0021900010,1610612752,NYK,New York,1629649,Ignas Brazdeikis,,DNP - Coach's Decision                  ,0:00,0.0,0.0,0,0,0,0,0,0,0,0,0,0,0.0,0,0,0.0,0.0,0,0,0.0
12,0021900010,1610612752,NYK,New York,1628422,Damyean Dotson,,DNP - Coach's Decision                  ,0:00,0.0,0.0,0,0,0,0,0,0,0,0,0,0,0.0,0,0,0.0,0.0,0,0,0.0
13,0021900010,1610612759,SAS,San Antonio,201942,DeMar DeRozan,F,,31:38,4.37,2.45,0,6,6,47,0,0,25,4,3,4,0.75,0,6,0.0,0.3,1,2,0.5
14,0021900010,1610612759,SAS,San Antonio,200746,LaMarcus Aldridge,F,,35:18,4.19,2.61,4,8,12,44,0,1,21,1,3,6,0.5,5,9,0.556,0.533,4,7,0.571
15,0021900010,1610612759,SAS,San Antonio,1626168,Trey Lyles,C,,24:17,4.61,1.99,2,11,12,45,0,1,40,0,2,2,1.0,1,2,0.5,0.75,1,2,0.5
16,0021900010,1610612759,SAS,San Antonio,1627854,Bryn Forbes,G,,32:31,4.54,2.61,0,8,8,38,0,0,23,1,4,4,1.0,3,8,0.375,0.583,3,3,1.0
17,0021900010,1610612759,SAS,San Antonio,1627749,Dejounte Murray,G,,23:47,4.77,1.97,0,10,10,57,1,1,40,6,6,7,0.857,1,3,0.333,0.7,2,3,0.667
18,0021900010,1610612759,SAS,San Antonio,1628401,Derrick White,,,22:10,4.6,1.84,1,5,6,50,0,0,39,3,2,4,0.5,1,2,0.5,0.5,2,2,1.0
19,0021900010,1610612759,SAS,San Antonio,200752,Rudy Gay,,,20:18,4.16,1.51,1,8,9,44,0,1,28,3,1,1,1.0,3,8,0.375,0.444,3,3,1.0
20,0021900010,1610612759,SAS,San Antonio,1627751,Jakob Poeltl,,,16:07,4.77,1.37,8,2,10,33,0,0,28,1,3,4,0.75,0,0,0.0,0.75,6,10,0.6
21,0021900010,1610612759,SAS,San Antonio,201158,Marco Belinelli,,,17:46,4.58,1.44,0,2,2,13,1,0,9,1,1,1,1.0,0,1,0.0,0.5,2,2,1.0
22,0021900010,1610612759,SAS,San Antonio,201988,Patty Mills,,,16:08,4.85,1.41,2,1,3,26,0,0,13,2,0,3,0.0,3,8,0.375,0.273,1,1,1.0
23,0021900010,1610612759,SAS,San Antonio,201960,DeMarre Carroll,,DNP - Coach's Decision                  ,0:00,0.0,0.0,0,0,0,0,0,0,0,0,0,0,0.0,0,0,0.0,0.0,0,0,0.0
24,0021900010,1610612759,SAS,San Antonio,1629002,Chimezie Metu,,DNP - Coach's Decision                  ,0:00,0.0,0.0,0,0,0,0,0,0,0,0,0,0,0.0,0,0,0.0,0.0,0,0,0.0
25,0021900010,1610612759,SAS,San Antonio,1629022,Lonnie Walker IV,,DNP - Coach's Decision                  ,0:00,0.0,0.0,0,0,0,0,0,0,0,0,0,0,0.0,0,0,0.0,0.0,0,0,0.0
0,0021900012,1610612758,SAC,Sacramento,203084,Harrison Barnes,F,,30:10,4.35,2.34,3,6,9,37,0,0,22,1,3,6,0.5,2,5,0.4,0.455,3,3,1.0
1,0021900012,1610612758,SAC,Sacramento,1628963,Marvin Bagley III,F,,27:42,4.65,2.28,8,10,18,49,0,0,28,0,2,8,0.25,4,8,0.5,0.375,4,6,0.667
2,0021900012,1610612758,SAC,Sacramento,203473,Dewayne Dedmon,C,,14:13,4.2,1.08,4,6,9,22,0,0,17,1,1,2,0.5,0,1,0.0,0.333,2,5,0.4
3,0021900012,1610612758,SAC,Sacramento,1627741,Buddy Hield,G,,31:10,4.64,2.59,3,3,6,56,0,0,27,2,4,5,0.8,6,14,0.429,0.526,8,8,1.0
4,0021900012,1610612758,SAC,Sacramento,1628368,De'Aaron Fox,G,,26:33,4.37,2.06,0,4,4,53,0,0,39,5,1,3,0.333,2,4,0.5,0.429,3,3,1.0
5,0021900012,1610612758,SAC,Sacramento,203992,Bogdan Bogdanovic,,,22:04,4.29,1.73,3,4,7,41,0,0,24,2,0,5,0.0,1,5,0.2,0.1,3,3,1.0
6,0021900012,1610612758,SAC,Sacramento,1626158,Richaun Holmes,,,17:25,3.92,1.25,6,5,11,18,0,0,14,0,0,1,0.0,0,1,0.0,0.0,2,4,0.5
7,0021900012,1610612758,SAC,Sacramento,202709,Cory Joseph,,,20:53,4.21,1.61,1,3,4,46,0,0,36,4,2,3,0.667,1,3,0.333,0.5,0,1,0.0
8,0021900012,1610612758,SAC,Sacramento,2772,Trevor Ariza,,,21:13,3.81,1.49,2,5,7,32,1,0,24,0,1,3,0.333,1,2,0.5,0.4,2,2,1.0
9,0021900012,1610612758,SAC,Sacramento,202357,Nemanja Bjelica,,,20:40,4.37,1.63,1,4,5,34,1,0,28,2,1,1,1.0,1,5,0.2,0.333,1,1,1.0
10,0021900012,1610612758,SAC,Sacramento,1627812,Yogi Ferrell,,,3:59,0.0,0.0,0,0,0,0,0,0,0,0,0,0,0.0,0,0,0.0,0.5,0,0,0.0
11,0021900012,1610612758,SAC,Sacramento,1628403,Caleb Swanigan,,,1:59,4.66,0.17,1,1,2,3,0,0,1,0,0,0,0.0,0,0,0.0,0.0,0,0,0.0
12,0021900012,1610612758,SAC,Sacramento,1629117,Wenyen Gabriel,,,1:59,4.58,0.17,1,2,2,3,0,0,1,0,0,0,0.0,0,0,0.0,0.0,0,0,0.0
13,0021900012,1610612756,PHX,Phoenix,1626162,Kelly Oubre Jr.,F,,30:04,4.2,2.25,5,10,14,44,0,0,22,1,6,10,0.6,2,7,0.286,0.471,1,1,1.0
14,0021900012,1610612756,PHX,Phoenix,203967,Dario Saric,F,,21:16,4.53,1.7,1,6,7,31,0,0,22,0,0,1,0.0,2,6,0.333,0.286,1,1,1.0
15,0021900012,1610612756,PHX,Phoenix,1629028,Deandre Ayton,C,,33:24,4.12,2.46,6,14,19,59,0,0,43,0,8,12,0.667,1,2,0.5,0.643,1,5,0.2
16,0021900012,1610612756,PHX,Phoenix,1626164,Devin Booker,G,,32:18,4.32,2.49,2,4,5,54,0,2,34,10,4,7,0.571,6,10,0.6,0.588,2,3,0.667
17,0021900012,1610612756,PHX,Phoenix,201937,Ricky Rubio,G,,29:41,4.37,2.32,4,8,12,76,2,2,58,11,2,4,0.5,2,8,0.25,0.333,3,3,1.0
18,0021900012,1610612756,PHX,Phoenix,1626163,Frank Kaminsky,,,19:24,4.36,1.54,3,5,8,44,0,0,34,2,4,4,1.0,0,3,0.0,0.571,2,3,0.667
19,0021900012,1610612756,PHX,Phoenix,203382,Aron Baynes,,,9:47,3.72,0.67,2,4,5,12,0,0,9,1,1,1,1.0,1,2,0.5,0.667,0,3,0.0
20,0021900012,1610612756,PHX,Phoenix,1628969,Mikal Bridges,,,23:12,4.44,1.88,0,5,5,24,1,0,16,1,0,2,0.0,1,2,0.5,0.25,3,4,0.75
21,0021900012,1610612756,PHX,Phoenix,1628975,Jevon Carter,,,18:19,4.49,1.5,0,1,1,35,0,0,25,3,1,1,1.0,3,6,0.5,0.571,1,1,1.0
22,0021900012,1610612756,PHX,Phoenix,204020,Tyler Johnson,,,16:38,4.41,1.34,2,5,7,23,0,0,13,2,1,2,0.5,3,6,0.5,0.5,0,1,0.0
23,0021900012,1610612756,PHX,Phoenix,1627767,Cheick Diallo,,,1:59,4.82,0.18,0,0,0,3,0,0,1,0,0,0,0.0,0,0,0.0,0.0,0,0,0.0
24,0021900012,1610612756,PHX,Phoenix,1629607,Jared Harper,,,1:59,0.0,0.0,0,0,0,0,0,0,0,0,0,0,0.0,0,0,0.0,0.0,0,0,0.0
25,0021900012,1610612756,PHX,Phoenix,1629059,Elie Okobo,,,1:59,0.0,0.0,0,0,0,0,0,0,0,0,0,0,0.0,0,0,0.0,1.0,0,0,0.0
0,0021900006,1610612750,MIN,Minnesota,1626203,Treveon Graham,F,,34:34,4.35,2.67,9,6,15,47,0,0,30,4,3,8,0.375,1,5,0.2,0.308,0,1,0.0
1,0021900006,1610612750,MIN,Minnesota,203496,Robert Covington,F,,32:42,4.21,2.42,7,11,16,55,0,0,40,0,3,4,0.75,3,7,0.429,0.545,4,4,1.0
2,0021900006,1610612750,MIN,Minnesota,1626157,Karl-Anthony Towns,C,,38:41,3.89,2.66,4,23,26,86,0,0,57,3,3,6,0.5,8,16,0.5,0.5,5,15,0.333
3,0021900006,1610612750,MIN,Minnesota,203952,Andrew Wiggins,G,,36:13,4.12,2.64,8,5,13,58,0,0,26,0,9,20,0.45,1,7,0.143,0.37,3,4,0.75
4,0021900006,1610612750,MIN,Minnesota,201952,Jeff Teague,G,,34:33,3.65,2.23,2,7,8,80,2,1,64,4,1,2,0.5,4,6,0.667,0.625,5,8,0.625
5,0021900006,1610612750,MIN,Minnesota,203943,Noah Vonleh,,,14:23,4.23,1.08,1,10,11,33,0,0,29,1,0,0,0.0,1,3,0.333,0.333,2,3,0.667
6,0021900006,1610612750,MIN,Minnesota,203894,Shabazz Napier,,,20:59,3.96,1.48,0,3,3,55,0,0,42,7,0,1,0.0,1,6,0.167,0.143,1,1,1.0
7,0021900006,1610612750,MIN,Minnesota,1629633,Jarrett Culver,,,15:46,0.0,0.0,0,0,0,0,0,0,0,0,1,2,0.5,-1,-2,0.5,0.4,0,0,0.0
8,0021900006,1610612750,MIN,Minnesota,1629006,Josh Okogie,,,14:27,4.33,1.13,4,2,6,18,0,0,7,3,1,1,1.0,1,4,0.25,0.4,0,1,0.0
9,0021900006,1610612750,MIN,Minnesota,1627774,Jake Layman,,,22:43,4.55,1.85,2,4,6,25,0,0,16,1,3,4,0.75,1,3,0.333,0.571,1,4,0.25
10,0021900006,1610612750,MIN,Minnesota,1628395,Jordan Bell,,DNP - Coach's Decision                  ,0:00,0.0,0.0,0,0,0,0,0,0,0,0,0,0,0.0,0,0,0.0,0.0,0,0,0.0
11,0021900006,1610612750,MIN,Minnesota,203476,Gorgui Dieng,,DNP - Coach's Decision                  ,0:00,0.0,0.0,0,0,0,0,0,0,0,0,0,0,0.0,0,0,0.0,0.0,0,0,0.0
12,0021900006,1610612750,MIN,Minnesota,1629103,Kelan Martin,,DNP - Coach's Decision                  ,0:00,0.0,0.0,0,0,0,0,0,0,0,0,0,0,0.0,0,0,0.0,0.0,0,0,0.0
13,0021900006,1610612751,BKN,Brooklyn,203925,Joe Harris,F,,39:19,4.33,3.0,1,8,9,38,0,0,28,2,1,2,0.5,4,7,0.571,0.556,1,2,0.5
14,0021900006,1610612751,BKN,Brooklyn,1627752,Taurean Prince,F,,41:15,4.03,2.93,5,14,18,45,0,0,29,2,4,6,0.667,2,7,0.286,0.462,2,5,0.4
15,0021900006,1610612751,BKN,Brooklyn,1628386,Jarrett Allen,C,,36:22,4.04,2.59,5,17,21,47,0,0,39,1,3,6,0.5,0,0,0.0,0.5,7,16,0.438
16,0021900006,1610612751,BKN,Brooklyn,1627747,Caris LeVert,G,,37:18,4.14,2.74,2,12,14,60,0,0,30,4,4,9,0.444,5,10,0.5,0.474,3,5,0.6
17,0021900006,1610612751,BKN,Brooklyn,202681,Kyrie Irving,G,,38:10,4.1,2.76,5,9,14,92,1,2,54,7,8,17,0.471,9,16,0.563,0.515,0,0,0.0
18,0021900006,1610612751,BKN,Brooklyn,1628021,David Nwaba,,,13:04,4.44,1.05,1,7,8,3,0,0,1,0,0,0,0.0,0,0,0.0,0.0,0,0,0.0
19,0021900006,1610612751,BKN,Brooklyn,201599,DeAndre Jordan,,,16:38,3.7,1.11,3,5,8,25,0,0,21,1,0,1,0.0,0,0,0.0,0.0,1,2,0.5
20,0021900006,1610612751,BKN,Brooklyn,202066,Garrett Temple,,,17:02,4.37,1.34,0,0,0,29,0,0,21,0,2,3,0.667,0,3,0.0,0.333,1,1,1.0
21,0021900006,1610612751,BKN,Brooklyn,203915,Spencer Dinwiddie,,,18:33,4.1,1.37,1,9,10,36,0,0,15,2,2,8,0.25,4,5,0.8,0.462,0,1,0.0
22,0021900006,1610612751,BKN,Brooklyn,1629066,Rodions Kurucs,,,7:19,4.9,0.65,1,2,3,8,0,0,7,0,0,0,0.0,0,1,0.0,0.0,1,1,1.0
23,0021900006,1610612751,BKN,Brooklyn,201163,Wilson Chandler,,NWT_LEAGUE_SUSPENSION                   ,0:00,0.0,0.0,0,0,0,0,0,0,0,0,0,0,0.0,0,0,0.0,0.0,0,0,0.0
24,0021900006,1610612751,BKN,Brooklyn,1629058,Dzanan Musa,,DNP - Coach's Decision                  ,0:00,0.0,0.0,0,0,0,0,0,0,0,0,0,0,0.0,0,0,0.0,0.0,0,0,0.0
25,0021900006,1610612751,BKN,Brooklyn,1629033,Theo Pinson,,DNP - Coach's Decision                  ,0:00,0.0,0.0,0,0,0,0,0,0,0,0,0,0,0.0,0,0,0.0,0.0,0,0,0.0
0,0021900005,1610612739,CLE,Cleveland,1626224,Cedi Osman,F,,28:59,4.15,2.12,2,4,6,39,0,0,24,2,1,2,0.5,4,7,0.571,0.556,0,1,0.0
1,0021900005,1610612739,CLE,Cleveland,201567,Kevin Love,F,,35:57,4.23,2.69,9,19,26,69,1,0,55,3,1,6,0.167,3,4,0.75,0.444,4,7,0.571
2,0021900005,1610612739,CLE,Cleveland,202684,Tristan Thompson,C,,33:15,4.19,2.44,7,17,23,61,0,0,47,1,5,6,0.833,3,5,0.6,0.727,7,13,0.538
3,0021900005,1610612739,CLE,Cleveland,1629636,Darius Garland,G,,31:32,4.24,2.35,1,1,2,62,1,0,49,5,1,2,0.5,2,7,0.286,0.333,4,6,0.667
4,0021900005,1610612739,CLE,Cleveland,1629012,Collin Sexton,G,,29:54,4.29,2.26,1,3,4,58,1,0,37,2,2,9,0.222,3,6,0.5,0.333,1,1,1.0
5,0021900005,1610612739,CLE,Cleveland,1626204,Larry Nance Jr.,,,26:48,4.21,2.01,7,16,21,59,0,0,42,2,3,6,0.5,1,5,0.2,0.364,1,2,0.5
6,0021900005,1610612739,CLE,Cleveland,203521,Matthew Dellavedova,,,18:06,4.23,1.36,0,3,3,48,0,0,40,3,0,0,0.0,2,6,0.333,0.333,0,0,0.0
7,0021900005,1610612739,CLE,Cleveland,203903,Jordan Clarkson,,,18:19,4.69,1.53,1,3,4,30,0,0,15,0,2,5,0.4,0,7,0.0,0.167,0,0,0.0
8,0021900005,1610612739,CLE,Cleveland,1629645,Kevin Porter Jr.,,,17:10,4.41,1.33,2,1,3,19,0,0,13,2,0,2,0.0,0,4,0.0,0.0,3,3,1.0
9,0021900005,1610612739,CLE,Cleveland,1629076,Tyler Cook,,DNP - Coach's Decision                  ,0:00,0.0,0.0,0,0,0,0,0,0,0,0,0,0,0.0,0,0,0.0,0.0,0,0,0.0
10,0021900005,1610612739,CLE,Cleveland,202688,Brandon Knight,,DNP - Coach's Decision                  ,0:00,0.0,0.0,0,0,0,0,0,0,0,0,0,0,0.0,0,0,0.0,0.0,0,0,0.0
11,0021900005,1610612739,CLE,Cleveland,1629731,Dean Wade,,DNP - Coach's Decision                  ,0:00,0.0,0.0,0,0,0,0,0,0,0,0,0,0,0.0,0,0,0.0,0.0,0,0,0.0
12,0021900005,1610612753,ORL,Orlando,1628371,Jonathan Isaac,F,,23:59,4.43,1.83,3,11,14,39,0,0,33,2,1,2,0.5,0,1,0.0,0.333,0,2,0.0
13,0021900005,1610612753,ORL,Orlando,203932,Aaron Gordon,F,,28:53,4.35,2.22,1,6,7,26,0,0,12,3,1,3,0.333,1,5,0.2,0.25,0,3,0.0
14,0021900005,1610612753,ORL,Orlando,202696,Nikola Vucevic,C,,34:13,3.73,2.25,2,9,11,61,0,1,40,3,6,9,0.667,2,7,0.286,0.5,3,5,0.6
15,0021900005,1610612753,ORL,Orlando,203095,Evan Fournier,G,,28:06,4.27,2.15,2,5,7,35,1,0,19,4,4,8,0.5,3,5,0.6,0.538,1,2,0.5
16,0021900005,1610612753,ORL,Orlando,201571,D.J. Augustin,G,,24:34,4.4,1.9,2,4,6,54,2,1,42,5,1,2,0.5,3,7,0.429,0.444,0,0,0.0
17,0021900005,1610612753,ORL,Orlando,1628365,Markelle Fultz,,,23:26,4.34,1.8,0,0,0,61,0,0,43,6,2,3,0.667,4,9,0.444,0.5,0,1,0.0
18,0021900005,1610612753,ORL,Orlando,202329,Al-Farouq Aminu,,,29:06,4.31,2.21,4,10,13,39,0,0,30,0,0,3,0.0,1,2,0.5,0.2,2,4,0.5
19,0021900005,1610612753,ORL,Orlando,1628964,Mo Bamba,,,13:47,3.99,0.98,4,8,10,17,0,0,11,1,2,2,1.0,1,3,0.333,0.6,3,4,0.75
20,0021900005,1610612753,ORL,Orlando,203082,Terrence Ross,,,19:28,4.4,1.51,0,6,6,32,0,0,17,0,1,2,0.5,3,11,0.273,0.308,1,2,0.5
21,0021900005,1610612753,ORL,Orlando,203487,Michael Carter-Williams,,,14:28,4.45,1.15,3,4,7,9,0,0,6,0,1,1,1.0,0,1,0.0,0.5,0,0,0.0
22,0021900005,1610612753,ORL,Orlando,203920,Khem Birch,,DNP - Coach's Decision                  ,0:00,0.0,0.0,0,0,0,0,0,0,0,0,0,0,0.0,0,0,0.0,0.0,0,0,0.0
23,0021900005,1610612753,ORL,Orlando,1628982,Melvin Frazier Jr.,,DNP - Coach's Decision                  ,0:00,0.0,0.0,0,0,0,0,0,0,0,0,0,0,0.0,0,0,0.0,0.0,0,0,0.0
24,0021900005,1610612753,ORL,Orlando,1628411,Wes Iwundu,,DNP - Coach's Decision                  ,0:00,0.0,0.0,0,0,0,0,0,0,0,0,0,0,0.0,0,0,0.0,0.0,0,0,0.0
0,0021900007,1610612763,MEM,Memphis,203109,Jae Crowder,F,,30:17,4.18,2.29,2,6,8,51,0,0,33,2,1,1,1.0,2,10,0.2,0.273,0,1,0.0
1,0021900007,1610612763,MEM,Memphis,1628991,Jaren Jackson Jr.,F,,29:56,4.12,2.24,3,6,9,57,0,1,37,0,4,5,0.8,1,7,0.143,0.417,6,11,0.545
2,0021900007,1610612763,MEM,Memphis,202685,Jonas Valanciunas,C,,16:09,3.94,1.14,1,4,5,37,0,0,25,1,3,4,0.75,0,3,0.0,0.429,3,4,0.75
3,0021900007,1610612763,MEM,Memphis,1628415,Dillon Brooks,G,,18:10,4.19,1.38,1,7,8,27,0,0,18,1,1,2,0.5,2,5,0.4,0.429,1,1,1.0
4,0021900007,1610612763,MEM,Memphis,1629630,Ja Morant,G,,25:09,4.62,2.09,2,6,8,73,0,1,50,4,4,7,0.571,2,5,0.4,0.5,0,0,0.0
5,0021900007,1610612763,MEM,Memphis,1629634,Brandon Clarke,,,23:03,4.67,2.0,4,6,10,44,1,1,38,1,1,3,0.333,2,3,0.667,0.5,3,5,0.6
6,0021900007,1610612763,MEM,Memphis,1626145,Tyus Jones,,,24:03,4.67,2.09,1,2,3,59,0,0,42,7,5,8,0.625,1,4,0.25,0.5,2,2,1.0
7,0021900007,1610612763,MEM,Memphis,1629741,Marko Guduric,,,24:06,4.55,2.04,0,2,2,35,0,1,21,2,2,3,0.667,2,5,0.4,0.5,1,2,0.5
8,0021900007,1610612763,MEM,Memphis,1628960,Grayson Allen,,,20:49,4.05,1.58,0,5,5,24,0,0,15,2,2,2,1.0,0,4,0.0,0.333,2,2,1.0
9,0021900007,1610612763,MEM,Memphis,203937,Kyle Anderson,,,20:50,4.17,1.63,4,7,10,38,0,0,30,0,2,3,0.667,0,1,0.0,0.5,0,0,0.0
10,0021900007,1610612763,MEM,Memphis,203998,Bruno Caboclo,,,4:44,0.0,0.0,0,0,0,0,0,0,0,0,0,2,0.0,0,-2,0.0,0.25,0,0,0.0
11,0021900007,1610612763,MEM,Memphis,1629001,De'Anthony Melton,,,2:45,4.19,0.22,0,0,0,6,0,0,6,2,0,0,0.0,0,0,0.0,0.0,1,2,0.5
12,0021900007,1610612763,MEM,Memphis,203524,Solomon Hill,,DNP - Coach's Decision                  ,0:00,0.0,0.0,0,0,0,0,0,0,0,0,0,0,0.0,0,0,0.0,0.0,0,0,0.0
13,0021900007,1610612748,MIA,Miami,1626159,Justise Winslow,F,,36:58,4.19,2.84,3,11,14,84,0,1,52,7,4,11,0.364,6,10,0.6,0.476,2,4,0.5
14,0021900007,1610612748,MIA,Miami,1628389,Bam Adebayo,F,,24:03,4.31,1.89,11,11,20,43,1,0,24,3,2,5,0.4,1,2,0.5,0.429,2,3,0.667
15,0021900007,1610612748,MIA,Miami,203086,Meyers Leonard,C,,18:41,4.25,1.43,1,5,6,27,0,0,25,0,0,0,0.0,0,2,0.0,0.0,4,4,1.0
16,0021900007,1610612748,MIA,Miami,1629639,Tyler Herro,G,,33:54,4.73,2.9,0,11,11,55,0,1,37,1,3,6,0.5,3,8,0.375,0.429,4,4,1.0
17,0021900007,1610612748,MIA,Miami,1629134,Kendrick Nunn,G,,26:31,4.69,2.24,2,6,8,58,0,1,36,3,3,7,0.429,7,11,0.636,0.556,3,3,1.0
18,0021900007,1610612748,MIA,Miami,201609,Goran Dragic,,,25:07,4.44,2.09,0,4,4,62,0,0,42,3,2,3,0.667,2,6,0.333,0.444,2,2,1.0
19,0021900007,1610612748,MIA,Miami,1627884,Derrick Jones Jr.,,,15:54,4.67,1.36,1,0,1,14,0,0,8,0,1,2,0.5,1,1,1.0,0.667,1,1,1.0
20,0021900007,1610612748,MIA,Miami,203482,Kelly Olynyk,,,22:13,4.32,1.8,3,9,11,44,1,1,39,0,0,1,0.0,1,2,0.5,0.333,2,5,0.4
21,0021900007,1610612748,MIA,Miami,1629130,Duncan Robinson,,,22:56,4.39,1.91,0,3,3,21,0,0,15,1,0,0,0.0,1,5,0.2,0.2,2,2,1.0
22,0021900007,1610612748,MIA,Miami,1629735,Chris Silva,,,11:24,4.59,0.98,5,7,10,21,0,0,15,0,0,0,0.0,3,3,1.0,1.0,1,4,0.25
23,0021900007,1610612748,MIA,Miami,1629644,KZ Okpala,,,1:10,0.0,0.0,0,0,0,0,0,0,0,0,0,0,0.0,0,0,0.0,0.0,0,0,0.0
24,0021900007,1610612748,MIA,Miami,1629133,Daryl Macon,,,1:10,0.0,0.0,0,0,0,0,0,0,0,0,0,0,0.0,0,0,0.0,0.0,0,0,0.0
25,0021900007,1610612748,MIA,Miami,202710,Jimmy Butler,,NWT_NOT_WITH_TEAM                       ,0:00,0.0,0.0,0,0,0,0,0,0,0,0,0,0,0.0,0,0,0.0,0.0,0,0,0.0
0,0021900011,1610612760,OKC,Oklahoma City,1628390,Terrance Ferguson,F,,23:51,4.27,1.83,1,2,3,6,0,0,4,1,0,0,0.0,0,0,0.0,0.0,5,6,0.833
1,0021900011,1610612760,OKC,Oklahoma City,201568,Danilo Gallinari,F,,28:20,4.06,2.07,1,9,9,53,0,0,35,2,1,3,0.333,6,10,0.6,0.538,0,0,0.0
2,0021900011,1610612760,OKC,Oklahoma City,203500,Steven Adams,C,,27:42,3.95,1.97,10,10,20,58,0,0,45,2,1,6,0.167,0,1,0.0,0.125,4,7,0.571
3,0021900011,1610612760,OKC,Oklahoma City,1628983,Shai Gilgeous-Alexander,G,,36:46,4.03,2.64,3,4,6,60,1,0,32,1,4,11,0.364,6,11,0.545,0.435,5,6,0.833
4,0021900011,1610612760,OKC,Oklahoma City,101108,Chris Paul,G,,30:07,3.48,1.87,2,9,11,79,0,0,52,3,2,4,0.5,5,11,0.455,0.467,0,1,0.0
5,0021900011,1610612760,OKC,Oklahoma City,203471,Dennis Schroder,,,30:40,3.96,2.14,2,6,8,71,1,2,57,4,0,3,0.0,1,5,0.2,0.125,2,3,0.667
6,0021900011,1610612760,OKC,Oklahoma City,203457,Nerlens Noel,,,4:42,4.29,0.35,2,3,5,7,0,0,6,0,0,0,0.0,1,1,1.0,1.0,0,0,0.0
7,0021900011,1610612760,OKC,Oklahoma City,1629647,Darius Bazley,,,19:15,4.14,1.39,1,4,5,14,0,0,9,0,0,2,0.0,0,1,0.0,0.0,2,4,0.5
8,0021900011,1610612760,OKC,Oklahoma City,1628977,Hamidou Diallo,,,23:01,4.23,1.69,2,2,4,18,1,0,7,0,1,2,0.5,2,4,0.5,0.625,0,0,0.0
9,0021900011,1610612760,OKC,Oklahoma City,203488,Mike Muscala,,,15:36,4.13,1.12,2,6,8,43,0,0,37,2,0,0,0.0,0,4,0.0,0.0,4,5,0.8
10,0021900011,1610612760,OKC,Oklahoma City,1629126,Deonte Burton,,DNP - Coach's Decision                  ,0:00,0.0,0.0,0,0,0,0,0,0,0,0,0,0,0.0,0,0,0.0,0.0,0,0,0.0
11,0021900011,1610612760,OKC,Oklahoma City,1627846,Abdel Nader,,DNP - Coach's Decision                  ,0:00,0.0,0.0,0,0,0,0,0,0,0,0,0,0,0.0,0,0,0.0,0.0,0,0,0.0
12,0021900011,1610612760,OKC,Oklahoma City,1628383,Justin Patton,,DNP - Coach's Decision                  ,0:00,0.0,0.0,0,0,0,0,0,0,0,0,0,0,0.0,0,0,0.0,0.0,0,0,0.0
13,0021900011,1610612762,UTA,Utah,202711,Bojan Bogdanovic,F,,23:54,4.15,1.77,1,2,3,25,0,0,10,0,2,5,0.4,3,7,0.429,0.429,1,1,1.0
14,0021900011,1610612762,UTA,Utah,1626220,Royce O'Neale,F,,30:07,4.09,2.18,2,11,13,39,0,0,29,0,4,4,1.0,2,2,1.0,1.0,1,4,0.25
15,0021900011,1610612762,UTA,Utah,203497,Rudy Gobert,C,,37:55,4.03,2.73,8,19,26,62,0,0,50,0,3,6,0.5,0,0,0.0,0.5,3,6,0.5
16,0021900011,1610612762,UTA,Utah,1628378,Donovan Mitchell,G,,36:24,4.04,2.63,4,8,11,51,0,0,21,3,7,10,0.7,6,9,0.667,0.636,1,2,0.5
17,0021900011,1610612762,UTA,Utah,201144,Mike Conley,G,,26:43,4.08,1.94,0,0,0,42,0,0,21,5,1,7,0.143,0,8,0.0,0.063,0,0,0.0
18,0021900011,1610612762,UTA,Utah,204060,Joe Ingles,,,32:39,4.11,2.4,0,4,4,43,0,0,31,1,0,1,0.0,3,7,0.429,0.375,0,1,0.0
19,0021900011,1610612762,UTA,Utah,1626144,Emmanuel Mudiay,,,22:59,4.29,1.74,1,5,6,43,0,0,26,5,5,8,0.625,1,3,0.333,0.545,0,0,0.0
20,0021900011,1610612762,UTA,Utah,201145,Jeff Green,,,16:34,3.99,1.14,2,5,7,18,0,0,11,1,0,0,0.0,1,4,0.25,0.25,0,2,0.0
21,0021900011,1610612762,UTA,Utah,202334,Ed Davis,,,10:05,4.07,0.71,5,4,9,16,0,0,11,0,0,3,0.0,0,0,0.0,0.0,2,4,0.5
22,0021900011,1610612762,UTA,Utah,1627777,Georges Niang,,,2:40,0.0,0.0,0,0,0,0,0,0,0,0,0,0,0.0,0,0,0.0,0.0,0,0,0.0
23,0021900011,1610612762,UTA,Utah,1628396,Tony Bradley,,DNP - Coach's Decision                  ,0:00,0.0,0.0,0,0,0,0,0,0,0,0,0,0,0.0,0,0,0.0,0.0,0,0,0.0
24,0021900011,1610612762,UTA,Utah,1629742,Stanton Kidd,,DNP - Coach's Decision                  ,0:00,0.0,0.0,0,0,0,0,0,0,0,0,0,0,0.0,0,0,0.0,0.0,0,0,0.0
25,0021900011,1610612762,UTA,Utah,1628430,Nigel Williams-Goss,,DNP - Coach's Decision                  ,0:00,0.0,0.0,0,0,0,0,0,0,0,0,0,0,0.0,0,0,0.0,0.0,0,0,0.0
0,0021900013,1610612743,DEN,Denver,203115,Will Barton,F,,31:27,4.51,2.54,1,10,11,50,1,0,32,2,0,2,0.0,3,6,0.5,0.375,2,2,1.0
1,0021900013,1610612743,DEN,Denver,200794,Paul Millsap,F,,31:46,3.95,2.22,3,7,10,42,0,0,29,2,0,3,0.0,3,5,0.6,0.375,4,9,0.444
2,0021900013,1610612743,DEN,Denver,203999,Nikola Jokic,C,,23:54,4.07,1.7,6,14,19,85,1,0,64,2,2,4,0.5,6,10,0.6,0.571,2,3,0.667
3,0021900013,1610612743,DEN,Denver,203914,Gary Harris,G,,35:14,4.13,2.58,2,3,5,40,0,0,25,0,1,4,0.25,2,7,0.286,0.273,2,3,0.667
4,0021900013,1610612743,DEN,Denver,1627750,Jamal Murray,G,,33:47,4.43,2.67,2,4,6,82,0,0,62,6,0,5,0.0,4,9,0.444,0.286,2,3,0.667
5,0021900013,1610612743,DEN,Denver,203486,Mason Plumlee,,,19:28,4.31,1.51,3,3,6,41,1,1,34,5,2,3,0.667,0,1,0.0,0.5,3,3,1.0
6,0021900013,1610612743,DEN,Denver,1627736,Malik Beasley,,,13:22,4.29,1.01,0,1,1,17,0,0,9,1,0,2,0.0,2,4,0.5,0.333,1,1,1.0
7,0021900013,1610612743,DEN,Denver,203924,Jerami Grant,,,20:49,4.13,1.53,1,2,3,27,0,0,21,1,0,1,0.0,3,3,1.0,0.75,7,7,1.0
8,0021900013,1610612743,DEN,Denver,1628470,Torrey Craig,,,16:02,4.66,1.32,1,6,7,21,0,0,14,2,1,2,0.5,3,4,0.75,0.667,0,0,0.0
9,0021900013,1610612743,DEN,Denver,1628420,Monte Morris,,,14:11,4.51,1.13,1,1,2,36,2,0,27,3,1,3,0.333,1,3,0.333,0.333,0,1,0.0
10,0021900013,1610612743,DEN,Denver,1628408,PJ Dozier,,DNP - Coach's Decision                  ,0:00,0.0,0.0,0,0,0,0,0,0,0,0,0,0,0.0,0,0,0.0,0.0,0,0,0.0
11,0021900013,1610612743,DEN,Denver,1627823,Juancho Hernangomez,,DNP - Coach's Decision                  ,0:00,0.0,0.0,0,0,0,0,0,0,0,0,0,0,0.0,0,0,0.0,0.0,0,0,0.0
12,0021900013,1610612743,DEN,Denver,1629008,Michael Porter Jr.,,DNP - Coach's Decision                  ,0:00,0.0,0.0,0,0,0,0,0,0,0,0,0,0,0.0,0,0,0.0,0.0,0,0,0.0
13,0021900013,1610612757,POR,Portland,203918,Rodney Hood,F,,31:10,4.05,2.24,1,7,8,31,0,0,18,1,4,6,0.667,1,4,0.25,0.5,0,0,0.0
14,0021900013,1610612757,POR,Portland,1628380,Zach Collins,F,,30:30,4.12,2.2,1,9,10,44,0,1,33,0,3,4,0.75,1,5,0.2,0.444,1,6,0.167
15,0021900013,1610612757,POR,Portland,202355,Hassan Whiteside,C,,26:03,3.98,1.82,10,17,25,50,1,0,38,0,6,7,0.857,0,0,0.0,0.857,2,4,0.5
16,0021900013,1610612757,POR,Portland,203468,CJ McCollum,G,,35:50,4.33,2.74,5,3,8,59,0,0,35,3,1,9,0.111,4,9,0.444,0.278,1,1,1.0
17,0021900013,1610612757,POR,Portland,203081,Damian Lillard,G,,37:49,4.01,2.71,1,7,8,88,2,0,57,8,4,7,0.571,6,14,0.429,0.476,0,0,0.0
18,0021900013,1610612757,POR,Portland,201229,Anthony Tolliver,,,13:06,4.07,0.98,0,0,0,11,0,0,9,0,0,0,0.0,0,1,0.0,0.0,0,0,0.0
19,0021900013,1610612757,POR,Portland,203145,Kent Bazemore,,,24:32,4.44,1.98,1,1,2,29,0,0,19,0,0,1,0.0,1,6,0.167,0.143,0,2,0.0
20,0021900013,1610612757,POR,Portland,1627746,Skal Labissiere,,,10:44,4.28,0.82,2,5,7,17,0,0,12,1,3,3,1.0,0,1,0.0,0.75,3,6,0.5
21,0021900013,1610612757,POR,Portland,1626209,Mario Hezonja,,,18:00,3.97,1.26,0,7,7,32,0,1,25,0,0,1,0.0,0,2,0.0,0.0,1,2,0.5
22,0021900013,1610612757,POR,Portland,1629014,Anfernee Simons,,,12:16,4.65,0.99,0,0,0,22,0,0,12,0,1,3,0.333,1,4,0.25,0.286,0,0,0.0
23,0021900013,1610612757,POR,Portland,1629642,Nassir Little,,DNP - Coach's Decision                  ,0:00,0.0,0.0,0,0,0,0,0,0,0,0,0,0,0.0,0,0,0.0,0.0,0,0,0.0
24,0021900013,1610612757,POR,Portland,1629018,Gary Trent Jr.,,DNP - Coach's Decision                  ,0:00,0.0,0.0,0,0,0,0,0,0,0,0,0,0,0.0,0,0,0.0,0.0,0,0,0.0
